# ************************************************************
# Sequel Pro SQL dump
# Version 3408
#
# http://www.sequelpro.com/
# http://code.google.com/p/sequel-pro/
#
# Host: functionized.com (MySQL 5.0.45)
# Database: bcnsocial
# Generation Time: 2011-09-13 08:34:40 -0600
# ************************************************************


/*!40101 SET @OLD_CHARACTER_SET_CLIENT=@@CHARACTER_SET_CLIENT */;
/*!40101 SET @OLD_CHARACTER_SET_RESULTS=@@CHARACTER_SET_RESULTS */;
/*!40101 SET @OLD_COLLATION_CONNECTION=@@COLLATION_CONNECTION */;
/*!40101 SET NAMES utf8 */;
/*!40014 SET @OLD_FOREIGN_KEY_CHECKS=@@FOREIGN_KEY_CHECKS, FOREIGN_KEY_CHECKS=0 */;
/*!40101 SET @OLD_SQL_MODE=@@SQL_MODE, SQL_MODE='NO_AUTO_VALUE_ON_ZERO' */;
/*!40111 SET @OLD_SQL_NOTES=@@SQL_NOTES, SQL_NOTES=0 */;


# Dump of table bcn_users_session_assoc
# ------------------------------------------------------------

DROP TABLE IF EXISTS `bcn_users_session_assoc`;

CREATE TABLE `bcn_users_session_assoc` (
  `id` int(11) NOT NULL auto_increment,
  `user_id` int(11) default NULL,
  `screen_name` varchar(20) default NULL,
  `session_id` int(11) default NULL,
  PRIMARY KEY  (`id`),
  KEY `ix_session_id` (`session_id`),
  KEY `ix_user_id` (`user_id`),
  KEY `ix_screen_name` (`screen_name`)
) ENGINE=MyISAM DEFAULT CHARSET=latin1;

LOCK TABLES `bcn_users_session_assoc` WRITE;
/*!40000 ALTER TABLE `bcn_users_session_assoc` DISABLE KEYS */;

INSERT INTO `bcn_users_session_assoc` (`id`, `user_id`, `screen_name`, `session_id`)
VALUES
	(1325,779451,'davedelaney',14),
	(2,779451,'davedelaney',19),
	(3,779451,'davedelaney',26),
	(1329,779451,'davedelaney',34),
	(1328,779451,'davedelaney',32),
	(6,779451,'davedelaney',31),
	(7,779451,'davedelaney',37),
	(8,779451,'davedelaney',39),
	(9,779451,'davedelaney',42),
	(10,779451,'davedelaney',44),
	(11,779451,'davedelaney',46),
	(12,30459415,'moredavid',21),
	(13,30459415,'moredavid',29),
	(14,30459415,'moredavid',44),
	(15,30459415,'moredavid',42),
	(16,30459415,'moredavid',46),
	(17,15377313,'jerryb8ker',14),
	(18,15377313,'jerryb8ker',20),
	(19,15377313,'jerryb8ker',34),
	(20,15377313,'jerryb8ker',46),
	(1191,10595852,'nathanTbaker',44),
	(22,10595852,'nathantbaker',18),
	(1189,10595852,'nathanTbaker',10),
	(24,10595852,'nathantbaker',22),
	(25,10595852,'nathantbaker',42),
	(26,160618095,'iloomin',6),
	(27,160618095,'iloomin',12),
	(28,160618095,'iloomin',42),
	(29,2139061,'inrebasworld',8),
	(30,2139061,'inrebasworld',12),
	(31,2139061,'inrebasworld',20),
	(32,2139061,'inrebasworld',19),
	(1600,111656076,'Dollchandler',3),
	(34,8740962,'StacyDawn',44),
	(35,90943495,'BeckysGraphicD',12),
	(36,90943495,'BeckysGraphicD',20),
	(37,90943495,'BeckysGraphicD',26),
	(38,90943495,'BeckysGraphicD',32),
	(39,90943495,'BeckysGraphicD',44),
	(40,92812165,'tennredsoxfan',4),
	(41,92812165,'tennredsoxfan',8),
	(42,92812165,'tennredsoxfan',32),
	(43,14056286,'iBelin',31),
	(44,14056286,'iBelin',44),
	(45,34720903,'MichelleBerkey',2),
	(46,34720903,'MichelleBerkey',24),
	(47,34720903,'MichelleBerkey',26),
	(48,34720903,'MichelleBerkey',31),
	(49,34720903,'MichelleBerkey',32),
	(50,34720903,'MichelleBerkey',29),
	(51,34720903,'MichelleBerkey',30),
	(52,34720903,'MichelleBerkey',43),
	(53,5634342,'mdave',28),
	(54,11176372,'bradblackman',4),
	(55,11176372,'bradblackman',6),
	(56,11176372,'bradblackman',7),
	(57,11176372,'bradblackman',12),
	(58,11176372,'bradblackman',10),
	(59,11176372,'bradblackman',19),
	(60,11176372,'bradblackman',17),
	(61,11176372,'bradblackman',23),
	(62,11176372,'bradblackman',26),
	(63,11176372,'bradblackman',28),
	(64,11176372,'bradblackman',27),
	(65,11176372,'bradblackman',30),
	(66,11176372,'bradblackman',34),
	(67,11176372,'bradblackman',38),
	(68,11176372,'bradblackman',44),
	(69,11176372,'bradblackman',42),
	(70,11176372,'bradblackman',45),
	(71,15426887,'jobrad',28),
	(72,15426887,'jobrad',48),
	(73,52136552,'NicoleBranigan',3),
	(74,52136552,'NicoleBranigan',14),
	(75,52136552,'NicoleBranigan',20),
	(76,52136552,'NicoleBranigan',26),
	(77,52136552,'NicoleBranigan',28),
	(78,52136552,'NicoleBranigan',31),
	(79,52136552,'NicoleBranigan',29),
	(80,52136552,'NicoleBranigan',34),
	(81,52136552,'NicoleBranigan',44),
	(82,52136552,'NicoleBranigan',42),
	(83,52136552,'NicoleBranigan',46),
	(84,90458562,'palaverrecords',4),
	(85,90458562,'palaverrecords',24),
	(86,90458562,'palaverrecords',37),
	(87,90458562,'palaverrecords',48),
	(88,90458562,'palaverrecords',46),
	(89,15998219,'THEjeffbrown',8),
	(90,15998219,'THEjeffbrown',12),
	(91,15998219,'THEjeffbrown',24),
	(92,15998219,'THEjeffbrown',34),
	(93,15998219,'THEjeffbrown',44),
	(94,15998219,'THEjeffbrown',42),
	(95,10019542,'chuckbryant',12),
	(96,10019542,'chuckbryant',10),
	(97,10019542,'chuckbryant',18),
	(98,10019542,'chuckbryant',20),
	(99,10019542,'chuckbryant',24),
	(100,10019542,'chuckbryant',26),
	(101,10019542,'chuckbryant',40),
	(102,10019542,'chuckbryant',42),
	(103,16425439,'hburchfield',3),
	(104,16425439,'hburchfield',6),
	(105,16425439,'hburchfield',12),
	(106,16425439,'hburchfield',14),
	(107,16425439,'hburchfield',26),
	(108,16425439,'hburchfield',44),
	(109,16425439,'hburchfield',43),
	(110,16425439,'hburchfield',46),
	(111,43195221,'aldermanburger',28),
	(112,89729300,'amyburrISM',12),
	(113,89729300,'amyburrISM',15),
	(114,89729300,'amyburrISM',36),
	(115,89729300,'amyburrISM',40),
	(116,89729300,'amyburrISM',42),
	(117,14243808,'johncade',8),
	(118,14243808,'johncade',12),
	(119,14243808,'johncade',20),
	(120,14243808,'johncade',28),
	(121,14243808,'johncade',42),
	(122,14243808,'johncade',46),
	(123,21654223,'tysoncadenhead/',12),
	(124,21654223,'tysoncadenhead/',22),
	(125,21654223,'tysoncadenhead/',36),
	(126,21654223,'tysoncadenhead/',44),
	(127,48173718,'joshuacamp',8),
	(128,48173718,'joshuacamp',15),
	(129,48173718,'joshuacamp',20),
	(130,48173718,'joshuacamp',26),
	(131,48173718,'joshuacamp',36),
	(132,10956962,'studionashvegas',20),
	(133,10956962,'studionashvegas',24),
	(134,10956962,'studionashvegas',28),
	(135,10956962,'studionashvegas',34),
	(136,10956962,'studionashvegas',44),
	(137,5693322,'justmalia',12),
	(138,5693322,'justmalia',19),
	(139,5693322,'justmalia',42),
	(140,14422665,'mattcarlisle',8),
	(141,14422665,'mattcarlisle',12),
	(142,14422665,'mattcarlisle',14),
	(143,14422665,'mattcarlisle',19),
	(144,14422665,'mattcarlisle',20),
	(145,14422665,'mattcarlisle',26),
	(146,14422665,'mattcarlisle',36),
	(147,14422665,'mattcarlisle',44),
	(148,21631335,'sschandler',6),
	(149,21631335,'sschandler',12),
	(150,21631335,'sschandler',22),
	(151,21631335,'sschandler',31),
	(152,21631335,'sschandler',43),
	(153,21631335,'sschandler',42),
	(154,21631335,'sschandler',46),
	(155,14511908,'tched',10),
	(156,14511908,'tched',11),
	(157,14511908,'tched',14),
	(158,14511908,'tched',16),
	(159,14511908,'tched',40),
	(160,14316317,'CristinaCinque',30),
	(161,14092472,'mollymcdeath',28),
	(162,16532856,'TylerLClark',14),
	(163,16532856,'TylerLClark',16),
	(164,16532856,'TylerLClark',28),
	(165,16532856,'TylerLClark',26),
	(166,16532856,'TylerLClark',42),
	(167,16532856,'TylerLClark',46),
	(168,25343483,'lauraclick',6),
	(1623,25343483,'lauraclick',9),
	(170,25343483,'lauraclick',20),
	(171,25343483,'lauraclick',26),
	(172,25343483,'lauraclick',32),
	(1628,25343483,'lauraclick',38),
	(174,25343483,'lauraclick',34),
	(175,25343483,'lauraclick',42),
	(176,1336811,'philcobizzle',8),
	(177,1336811,'philcobizzle',20),
	(178,1336811,'philcobizzle',26),
	(179,1336811,'philcobizzle',28),
	(180,1336811,'philcobizzle',34),
	(181,1336811,'philcobizzle',44),
	(182,1336811,'philcobizzle',46),
	(183,15035232,'sarasally',12),
	(184,15035232,'sarasally',15),
	(185,15035232,'sarasally',21),
	(186,15035232,'sarasally',36),
	(187,15035232,'sarasally',38),
	(188,15035232,'sarasally',40),
	(189,15035232,'sarasally',42),
	(190,15035232,'sarasally',47),
	(191,60727292,'JuliaThinks',6),
	(192,60727292,'JuliaThinks',7),
	(193,60727292,'JuliaThinks',8),
	(194,60727292,'JuliaThinks',12),
	(195,60727292,'JuliaThinks',22),
	(196,60727292,'JuliaThinks',24),
	(197,60727292,'JuliaThinks',26),
	(198,60727292,'JuliaThinks',28),
	(199,60727292,'JuliaThinks',34),
	(200,60727292,'JuliaThinks',40),
	(201,60727292,'JuliaThinks',39),
	(202,54137641,'Cosminsky',20),
	(203,54137641,'Cosminsky',19),
	(204,54137641,'Cosminsky',28),
	(205,54137641,'Cosminsky',34),
	(206,54137641,'Cosminsky',46),
	(207,16844716,'dbcotton',12),
	(208,16844716,'dbcotton',11),
	(209,16844716,'dbcotton',24),
	(210,16844716,'dbcotton',34),
	(211,67601513,'matthewcramer',2),
	(212,67601513,'matthewcramer',4),
	(213,67601513,'matthewcramer',8),
	(214,67601513,'matthewcramer',11),
	(215,67601513,'matthewcramer',20),
	(216,67601513,'matthewcramer',43),
	(217,67601513,'matthewcramer',47),
	(218,67601513,'matthewcramer',48),
	(219,18076814,'darrencrawford',9),
	(220,39584509,'JasonTech',14),
	(221,39584509,'JasonTech',20),
	(222,39584509,'JasonTech',44),
	(223,39584509,'JasonTech',46),
	(224,40135828,'crecraftdigital',3),
	(225,40135828,'crecraftdigital',4),
	(226,40135828,'crecraftdigital',7),
	(227,40135828,'crecraftdigital',12),
	(228,40135828,'crecraftdigital',13),
	(229,40135828,'crecraftdigital',20),
	(230,40135828,'crecraftdigital',30),
	(231,40135828,'crecraftdigital',34),
	(232,834021,'lauracreekmore',12),
	(233,834021,'lauracreekmore',26),
	(234,834021,'lauracreekmore',29),
	(235,834021,'lauracreekmore',35),
	(236,834021,'lauracreekmore',36),
	(237,834021,'lauracreekmore',42),
	(238,834021,'lauracreekmore',41),
	(239,834021,'lauracreekmore',44),
	(240,15660428,'dargavell',8),
	(241,15660428,'dargavell',28),
	(242,15660428,'dargavell',45),
	(243,17583467,'danrmorris',2),
	(244,17583467,'danrmorris',3),
	(245,17583467,'danrmorris',6),
	(246,17583467,'danrmorris',9),
	(247,17583467,'danrmorris',32),
	(248,1668721,'jwd2a',7),
	(249,1668721,'jwd2a',18),
	(250,1668721,'jwd2a',24),
	(251,1668721,'jwd2a',28),
	(1316,1668721,'jwd2a',1),
	(253,1668721,'jwd2a',48),
	(254,16124837,'AmyPredsfan',3),
	(255,16124837,'AmyPredsfan',8),
	(256,16124837,'AmyPredsfan',20),
	(257,16124837,'AmyPredsfan',30),
	(258,16124837,'AmyPredsfan',44),
	(259,11417322,'edeckers',3),
	(260,11417322,'edeckers',8),
	(261,11417322,'edeckers',20),
	(262,11417322,'edeckers',24),
	(263,11417322,'edeckers',34),
	(264,11417322,'edeckers',44),
	(265,11417322,'edeckers',46),
	(266,10290952,'abe238',3),
	(267,10290952,'abe238',8),
	(268,10290952,'abe238',10),
	(269,10290952,'abe238',28),
	(270,10290952,'abe238',44),
	(271,15918939,'bdill',4),
	(272,15918939,'bdill',5),
	(273,15918939,'bdill',7),
	(274,15918939,'bdill',13),
	(275,15918939,'bdill',16),
	(276,15918939,'bdill',20),
	(277,15918939,'bdill',21),
	(278,15918939,'bdill',28),
	(279,15918939,'bdill',25),
	(280,15918939,'bdill',26),
	(281,15918939,'bdill',29),
	(282,15918939,'bdill',39),
	(283,15918939,'bdill',42),
	(284,15918939,'bdill',41),
	(285,15918939,'bdill',48),
	(286,15918939,'bdill',47),
	(287,14960379,'stevemdowney',2),
	(288,14960379,'stevemdowney',8),
	(289,14960379,'stevemdowney',18),
	(290,14960379,'stevemdowney',22),
	(291,14960379,'stevemdowney',26),
	(292,14960379,'stevemdowney',27),
	(293,14960379,'stevemdowney',34),
	(294,14960379,'stevemdowney',35),
	(295,14960379,'stevemdowney',40),
	(296,14960379,'stevemdowney',42),
	(297,14960379,'stevemdowney',44),
	(298,31452331,'daxonedwards',2),
	(299,31452331,'daxonedwards',8),
	(300,31452331,'daxonedwards',12),
	(1280,1593,'fishwreck',17),
	(302,31452331,'daxonedwards',14),
	(303,31452331,'daxonedwards',20),
	(304,31452331,'daxonedwards',24),
	(305,31452331,'daxonedwards',26),
	(1279,1593,'fishwreck',7),
	(307,31452331,'daxonedwards',30),
	(308,31452331,'daxonedwards',32),
	(1278,1593,'fishwreck',40),
	(310,31452331,'daxonedwards',36),
	(311,31452331,'daxonedwards',38),
	(1277,1593,'fishwreck',38),
	(313,31452331,'daxonedwards',44),
	(314,31452331,'daxonedwards',42),
	(315,31452331,'daxonedwards',46),
	(316,8269092,'JohnWEllis.com',6),
	(317,8269092,'JohnWEllis.com',8),
	(318,8269092,'JohnWEllis.com',19),
	(319,8269092,'JohnWEllis.com',17),
	(1287,8269092,'JohnWEllis',14),
	(321,8269092,'JohnWEllis.com',28),
	(322,8269092,'JohnWEllis.com',32),
	(323,8269092,'JohnWEllis.com',34),
	(324,8269092,'JohnWEllis.com',38),
	(325,8269092,'JohnWEllis.com',43),
	(326,8269092,'JohnWEllis.com',42),
	(327,8269092,'JohnWEllis.com',46),
	(328,14070091,'ElizabethElmore',3),
	(329,14070091,'ElizabethElmore',10),
	(330,14070091,'ElizabethElmore',11),
	(331,14070091,'ElizabethElmore',20),
	(332,14070091,'ElizabethElmore',30),
	(333,14070091,'ElizabethElmore',32),
	(334,14070091,'ElizabethElmore',35),
	(335,15176637,'DonEngland',20),
	(336,15176637,'DonEngland',23),
	(337,15176637,'DonEngland',26),
	(338,15176637,'DonEngland',28),
	(339,15176637,'DonEngland',42),
	(340,15176637,'DonEngland',47),
	(341,12767912,'chrisennis',11),
	(1142,12767912,'chrisennis',7),
	(1141,12767912,'chrisennis',3),
	(344,12767912,'chrisennis',14),
	(345,12767912,'chrisennis',36),
	(346,12767912,'chrisennis',44),
	(347,12767912,'chrisennis',48),
	(348,122258912,'thekompanee',20),
	(349,122258912,'thekompanee',24),
	(350,122258912,'thekompanee',30),
	(351,122258912,'thekompanee',34),
	(352,122258912,'thekompanee',44),
	(353,15868331,'KentFlanagan',5),
	(354,15868331,'KentFlanagan',14),
	(355,15868331,'KentFlanagan',20),
	(356,15868331,'KentFlanagan',44),
	(357,15868331,'KentFlanagan',47),
	(358,70570219,'MusicCityGuru',2),
	(359,70570219,'MusicCityGuru',20),
	(360,70570219,'MusicCityGuru',26),
	(361,70570219,'MusicCityGuru',28),
	(362,70570219,'MusicCityGuru',44),
	(363,70570219,'MusicCityGuru',45),
	(364,17467818,'dylanfogle',2),
	(365,17467818,'dylanfogle',20),
	(366,17467818,'dylanfogle',44),
	(367,28744381,'NashvilleSEO',8),
	(368,28744381,'NashvilleSEO',15),
	(369,28744381,'NashvilleSEO',16),
	(370,28744381,'NashvilleSEO',21),
	(371,28744381,'NashvilleSEO',28),
	(372,28744381,'NashvilleSEO',36),
	(373,28744381,'NashvilleSEO',38),
	(374,28744381,'NashvilleSEO',40),
	(375,28744381,'NashvilleSEO',44),
	(376,16370082,'jfurtado',2),
	(377,16370082,'jfurtado',4),
	(378,16370082,'jfurtado',10),
	(379,16370082,'jfurtado',24),
	(380,16370082,'jfurtado',40),
	(381,16370082,'jfurtado',44),
	(382,16370082,'jfurtado',48),
	(383,8982162,'cgallent',21),
	(384,8833492,'part12studios',4),
	(385,8833492,'part12studios',10),
	(386,8833492,'part12studios',16),
	(387,8833492,'part12studios',22),
	(388,8833492,'part12studios',28),
	(389,8833492,'part12studios',33),
	(390,8833492,'part12studios',47),
	(391,153126362,'ErikaGay',4),
	(392,153126362,'ErikaGay',6),
	(393,153126362,'ErikaGay',12),
	(1757,153126362,'ErikaGay',23),
	(395,153126362,'ErikaGay',46),
	(1764,7322532,'erincubert',1),
	(397,16072540,'hstrykid',20),
	(398,16072540,'hstrykid',26),
	(399,16072540,'hstrykid',44),
	(400,125136781,'tnbuylocal',8),
	(401,125136781,'tnbuylocal',26),
	(402,125136781,'tnbuylocal',30),
	(403,125136781,'tnbuylocal',34),
	(404,125136781,'tnbuylocal',43),
	(405,6700852,'dgirardier',20),
	(406,6700852,'dgirardier',24),
	(407,6700852,'dgirardier',44),
	(408,13127032,'sgordon70',12),
	(409,13127032,'sgordon70',46),
	(410,10467232,'allballbearings',2),
	(411,10467232,'allballbearings',18),
	(412,10467232,'allballbearings',39),
	(413,10467232,'allballbearings',44),
	(414,10467232,'allballbearings',42),
	(415,10467232,'allballbearings',41),
	(416,16189608,'kategreene',14),
	(417,16189608,'kategreene',22),
	(418,16189608,'kategreene',33),
	(419,48402982,'iRestore',2),
	(420,48402982,'iRestore',3),
	(421,48402982,'iRestore',9),
	(422,48402982,'iRestore',24),
	(423,17389007,'billgriggs',1),
	(424,17389007,'billgriggs',6),
	(425,17389007,'billgriggs',9),
	(426,17389007,'billgriggs',24),
	(427,17389007,'billgriggs',30),
	(428,17389007,'billgriggs',32),
	(429,17389007,'billgriggs',34),
	(430,17389007,'billgriggs',40),
	(431,17389007,'billgriggs',47),
	(432,44918071,'3n1media',3),
	(433,44918071,'3n1media',20),
	(434,44918071,'3n1media',26),
	(435,44918071,'3n1media',42),
	(436,24778847,'theronhatch',3),
	(437,24778847,'theronhatch',32),
	(438,24778847,'theronhatch',44),
	(446,2255,'chayner',10),
	(447,43382186,'chaoskitten82',8),
	(1420,142270889,'VincentJHarris',24),
	(449,43382186,'chaoskitten82',12),
	(1414,43382186,'chaoskitten82',4),
	(451,43382186,'chaoskitten82',16),
	(452,43382186,'chaoskitten82',24),
	(453,43382186,'chaoskitten82',28),
	(1415,43382186,'chaoskitten82',20),
	(455,43382186,'chaoskitten82',30),
	(456,43382186,'chaoskitten82',34),
	(1416,43382186,'chaoskitten82',44),
	(458,43382186,'chaoskitten82',40),
	(1418,142270889,'VincentJHarris',15),
	(1419,142270889,'VincentJHarris',20),
	(462,43382186,'chaoskitten82',46),
	(1417,142270889,'VincentJHarris',11),
	(464,17240029,'bretthenley',12),
	(465,17240029,'bretthenley',26),
	(466,17240029,'bretthenley',30),
	(467,17240029,'bretthenley',34),
	(468,17240029,'bretthenley',40),
	(469,17240029,'bretthenley',42),
	(470,16381016,'Forechecker',4),
	(471,16381016,'Forechecker',20),
	(472,16381016,'Forechecker',21),
	(473,16381016,'Forechecker',26),
	(474,15672663,'nicholasholland',7),
	(475,15672663,'nicholasholland',11),
	(476,15672663,'nicholasholland',16),
	(477,15672663,'nicholasholland',22),
	(478,15672663,'nicholasholland',24),
	(479,15672663,'nicholasholland',26),
	(480,15672663,'nicholasholland',32),
	(481,15672663,'nicholasholland',36),
	(482,15672663,'nicholasholland',38),
	(483,15672663,'nicholasholland',43),
	(484,616433,'holloway',4),
	(485,616433,'holloway',46),
	(486,15615201,'bugsact',42),
	(487,14464655,'davidhooper',28),
	(488,14464655,'davidhooper',34),
	(489,14464655,'davidhooper',38),
	(490,14464655,'davidhooper',42),
	(491,8245052,'shotgunconcepts',1),
	(492,8245052,'shotgunconcepts',44),
	(493,97232211,'SignalNashville',22),
	(494,97232211,'SignalNashville',24),
	(495,97232211,'SignalNashville',43),
	(496,87498073,'kaileyhussey',20),
	(497,87498073,'kaileyhussey',26),
	(498,87498073,'kaileyhussey',30),
	(499,19723017,'lawschooltech',3),
	(500,19723017,'lawschooltech',7),
	(501,19723017,'lawschooltech',14),
	(502,19723017,'lawschooltech',13),
	(503,19723017,'lawschooltech',24),
	(504,19723017,'lawschooltech',28),
	(505,19723017,'lawschooltech',41),
	(506,19723017,'lawschooltech',47),
	(507,32441884,'bradjanke',4),
	(508,32441884,'bradjanke',8),
	(509,32441884,'bradjanke',26),
	(510,32441884,'bradjanke',46),
	(511,77057716,'mepragency',32),
	(512,77057716,'mepragency',44),
	(513,7941142,'attheshow',22),
	(514,16322274,'lorij_va',44),
	(515,16322274,'lorij_va',42),
	(516,15723455,'k8gallagher',6),
	(517,15723455,'k8gallagher',20),
	(518,15723455,'k8gallagher',26),
	(519,15723455,'k8gallagher',44),
	(520,15723455,'k8gallagher',42),
	(521,14971868,'lauriekalmanson',12),
	(522,14971868,'lauriekalmanson',15),
	(523,14971868,'lauriekalmanson',28),
	(524,14971868,'lauriekalmanson',30),
	(525,14971868,'lauriekalmanson',31),
	(526,14971868,'lauriekalmanson',36),
	(527,14971868,'lauriekalmanson',38),
	(528,14971868,'lauriekalmanson',42),
	(529,14971868,'lauriekalmanson',44),
	(530,14971868,'lauriekalmanson',46),
	(534,19352207,'jakerella',26),
	(535,19352207,'jakerella',28),
	(536,19352207,'jakerella',30),
	(537,42716984,'ivgroup',20),
	(538,42716984,'ivgroup',24),
	(539,42716984,'ivgroup',26),
	(540,42716984,'ivgroup',31),
	(541,42716984,'ivgroup',32),
	(542,42716984,'ivgroup',38),
	(543,145930577,'standwithmatt',14),
	(544,145930577,'standwithmatt',18),
	(545,145930577,'standwithmatt',22),
	(546,145930577,'standwithmatt',24),
	(547,145930577,'standwithmatt',28),
	(548,145930577,'standwithmatt',30),
	(549,145930577,'standwithmatt',29),
	(550,145930577,'standwithmatt',33),
	(551,145930577,'standwithmatt',35),
	(552,145930577,'standwithmatt',36),
	(553,145930577,'standwithmatt',42),
	(554,145930577,'standwithmatt',47),
	(555,145930577,'standwithmatt',48),
	(556,14357363,'gainesk',28),
	(557,14294374,'joshkersey/',2),
	(558,14294374,'joshkersey/',48),
	(559,6080822,'dcmusicfusion',19),
	(560,6080822,'dcmusicfusion',28),
	(561,6080822,'dcmusicfusion',35),
	(562,6080822,'dcmusicfusion',34),
	(563,6080822,'dcmusicfusion',38),
	(564,6080822,'dcmusicfusion',45),
	(565,6585902,'katsuzak',14),
	(566,6585902,'katsuzak',27),
	(567,6585902,'katsuzak',31),
	(568,6585902,'katsuzak',44),
	(569,16349863,'luckynickle',21),
	(570,16349863,'luckynickle',28),
	(571,16349863,'luckynickle',40),
	(572,8270332,'ThatScottGuy',14),
	(573,8270332,'ThatScottGuy',18),
	(574,8270332,'ThatScottGuy',40),
	(575,8270332,'ThatScottGuy',48),
	(576,16133308,'ProPools',8),
	(577,16133308,'ProPools',20),
	(578,16133308,'ProPools',25),
	(579,16133308,'ProPools',46),
	(580,17081348,'joeylasalle',11),
	(581,17081348,'joeylasalle',20),
	(582,17081348,'joeylasalle',32),
	(583,17081348,'joeylasalle',44),
	(584,17081348,'joeylasalle',42),
	(585,20828551,'samelawrence',34),
	(586,20828551,'samelawrence',46),
	(587,39539952,'ronledford_cpa',3),
	(1290,39539952,'RonLedford_CPA',40),
	(589,39539952,'ronledford_cpa',6),
	(590,39539952,'ronledford_cpa',12),
	(591,39539952,'ronledford_cpa',16),
	(592,39539952,'ronledford_cpa',20),
	(593,39539952,'ronledford_cpa',24),
	(594,39539952,'ronledford_cpa',30),
	(595,39539952,'ronledford_cpa',34),
	(1293,39539952,'RonLedford_CPA',28),
	(597,14361342,'JeffLee',44),
	(598,14361342,'JeffLee',43),
	(599,14361342,'JeffLee',46),
	(600,15694723,'bebopalicious',14),
	(601,15694723,'bebopalicious',28),
	(602,15694723,'bebopalicious',40),
	(603,15694723,'bebopalicious',46),
	(604,96124336,'renaissancecomm',4),
	(605,96124336,'renaissancecomm',8),
	(606,96124336,'renaissancecomm',13),
	(607,96124336,'renaissancecomm',20),
	(608,96124336,'renaissancecomm',21),
	(609,96124336,'renaissancecomm',28),
	(610,96124336,'renaissancecomm',42),
	(611,96124336,'renaissancecomm',47),
	(612,752103,'friedapplepie',3),
	(613,752103,'friedapplepie',12),
	(614,752103,'friedapplepie',14),
	(615,752103,'friedapplepie',18),
	(616,752103,'friedapplepie',35),
	(617,23102294,'MackeyLeah',3),
	(618,23102294,'MackeyLeah',16),
	(619,23102294,'MackeyLeah',24),
	(620,23102294,'MackeyLeah',28),
	(621,23102294,'MackeyLeah',34),
	(622,23102294,'MackeyLeah',46),
	(623,137717794,'Jane_Massey',2),
	(624,137717794,'Jane_Massey',8),
	(625,137717794,'Jane_Massey',6),
	(626,137717794,'Jane_Massey',12),
	(627,137717794,'Jane_Massey',26),
	(628,137717794,'Jane_Massey',36),
	(629,137717794,'Jane_Massey',40),
	(630,137717794,'Jane_Massey',42),
	(631,137717794,'Jane_Massey',44),
	(632,137717794,'Jane_Massey',46),
	(633,123963067,'bradtnw',8),
	(634,123963067,'bradtnw',14),
	(635,123963067,'bradtnw',44),
	(636,123963067,'bradtnw',46),
	(637,3366721,'theferf',11),
	(638,3366721,'theferf',34),
	(639,3366721,'theferf',35),
	(640,3366721,'theferf',43),
	(641,15837326,'cmcpherson',45),
	(642,10859562,'_13apples_',7),
	(1821,10859562,'_13apples_',4),
	(1828,107452508,'sss4success',8),
	(645,10859562,'_13apples_',11),
	(1877,10859562,'_13apples_',15),
	(648,10859562,'_13apples_',20),
	(1827,107452508,'sss4success',3),
	(650,10859562,'_13apples_',23),
	(1878,10859562,'_13apples_',26),
	(1885,55716324,'missmelissa803',11),
	(653,10859562,'_13apples_',32),
	(1879,10859562,'_13apples_',34),
	(1824,10859562,'_13apples_',38),
	(1880,10859562,'_13apples_',42),
	(1825,10859562,'_13apples_',41),
	(658,8226902,'tmgstudio',2),
	(659,8226902,'tmgstudio',3),
	(660,8226902,'tmgstudio',7),
	(661,8226902,'tmgstudio',10),
	(662,8226902,'tmgstudio',15),
	(663,8226902,'tmgstudio',16),
	(664,8226902,'tmgstudio',18),
	(665,8226902,'tmgstudio',40),
	(666,6682712,'jeremiahx',10),
	(667,6682712,'jeremiahx',12),
	(668,6682712,'jeremiahx',24),
	(669,6682712,'jeremiahx',34),
	(670,6682712,'jeremiahx',40),
	(671,6682712,'jeremiahx',44),
	(672,6682712,'jeremiahx',46),
	(673,14772891,'jasonRmoore',35),
	(674,14772891,'jasonRmoore',38),
	(675,41622845,'@rodwrites',20),
	(676,41622845,'@rodwrites',26),
	(677,41622845,'@rodwrites',28),
	(678,41622845,'@rodwrites',42),
	(679,137196736,'clay_morgan',21),
	(680,137196736,'clay_morgan',26),
	(681,137196736,'clay_morgan',32),
	(682,34291666,'meganemorris',3),
	(683,34291666,'meganemorris',6),
	(684,34291666,'meganemorris',12),
	(685,34291666,'meganemorris',10),
	(686,34291666,'meganemorris',36),
	(687,34291666,'meganemorris',40),
	(688,34291666,'meganemorris',44),
	(689,34291666,'meganemorris',42),
	(690,34291666,'meganemorris',48),
	(691,16857213,'nashvilleben',3),
	(692,16857213,'nashvilleben',8),
	(693,16857213,'nashvilleben',6),
	(694,16857213,'nashvilleben',11),
	(695,16857213,'nashvilleben',13),
	(696,16857213,'nashvilleben',19),
	(697,16857213,'nashvilleben',20),
	(698,16857213,'nashvilleben',28),
	(699,16857213,'nashvilleben',31),
	(700,13689902,'elinmulron',12),
	(701,13689902,'elinmulron',36),
	(702,21810247,'spectaprod',12),
	(703,21810247,'spectaprod',30),
	(704,21810247,'spectaprod',47),
	(705,159502072,'ericnear',14),
	(706,159502072,'ericnear',28),
	(707,159502072,'ericnear',44),
	(708,14745350,'phyllisnichols',5),
	(709,14745350,'phyllisnichols',34),
	(710,14745350,'phyllisnichols',46),
	(711,14551385,'joshtheoak',6),
	(712,14551385,'joshtheoak',12),
	(713,14551385,'joshtheoak',10),
	(714,14551385,'joshtheoak',15),
	(715,14551385,'joshtheoak',18),
	(716,14551385,'joshtheoak',26),
	(717,14551385,'joshtheoak',35),
	(718,14551385,'joshtheoak',34),
	(719,14551385,'joshtheoak',40),
	(720,14551385,'joshtheoak',42),
	(721,14551385,'joshtheoak',48),
	(722,16131149,'kittywink',8),
	(723,16131149,'kittywink',12),
	(724,16131149,'kittywink',10),
	(725,16131149,'kittywink',24),
	(726,16131149,'kittywink',30),
	(727,16131149,'kittywink',34),
	(728,16131149,'kittywink',40),
	(729,16131149,'kittywink',44),
	(730,16131149,'kittywink',46),
	(731,12557882,'meganpacella',26),
	(732,12557882,'meganpacella',42),
	(733,12557882,'meganpacella',46),
	(734,17518419,'chasepattison',6),
	(735,17518419,'chasepattison',20),
	(736,17518419,'chasepattison',40),
	(737,14192200,'phillipsjm',3),
	(738,14192200,'phillipsjm',4),
	(739,14192200,'phillipsjm',15),
	(740,14192200,'phillipsjm',14),
	(741,14192200,'phillipsjm',16),
	(742,14192200,'phillipsjm',39),
	(743,14192200,'phillipsjm',43),
	(744,14192200,'phillipsjm',48),
	(745,14229559,'timpiazza',20),
	(746,14229559,'timpiazza',34),
	(747,14229559,'timpiazza',44),
	(748,15214700,'JohnPisciotta',7),
	(749,15214700,'JohnPisciotta',28),
	(750,15214700,'JohnPisciotta',27),
	(751,15214700,'JohnPisciotta',31),
	(752,15214700,'JohnPisciotta',37),
	(753,15214700,'JohnPisciotta',40),
	(754,15214700,'JohnPisciotta',44),
	(755,10997172,'brianhprince',18),
	(756,10997172,'brianhprince',24),
	(757,10997172,'brianhprince',34),
	(758,20983874,'sallaboutme',7),
	(759,20983874,'sallaboutme',16),
	(760,20983874,'sallaboutme',28),
	(761,20983874,'sallaboutme',31),
	(762,20983874,'sallaboutme',29),
	(763,20983874,'sallaboutme',34),
	(764,20983874,'sallaboutme',41),
	(765,14716390,'timreynolds',3),
	(766,14716390,'timreynolds',11),
	(767,14716390,'timreynolds',24),
	(768,14716390,'timreynolds',28),
	(769,14716390,'timreynolds',32),
	(770,14716390,'timreynolds',46),
	(771,26745221,'VinnyRibas',11),
	(772,26745221,'VinnyRibas',20),
	(773,26745221,'VinnyRibas',23),
	(774,26745221,'VinnyRibas',32),
	(775,26745221,'VinnyRibas',38),
	(776,26745221,'VinnyRibas',42),
	(777,8269332,'gavoweb',8),
	(1746,8269332,'gavoweb',12),
	(779,8269332,'gavoweb',14),
	(1745,8269332,'gavoweb',11),
	(781,8269332,'gavoweb',19),
	(782,8269332,'gavoweb',24),
	(783,8269332,'gavoweb',32),
	(784,8269332,'gavoweb',43),
	(785,8269332,'gavoweb',46),
	(786,21406931,'chrisriesgo',24),
	(787,21406931,'chrisriesgo',28),
	(788,21406931,'chrisriesgo',44),
	(789,21406931,'chrisriesgo',48),
	(790,15220790,'southerngamer',3),
	(791,15220790,'southerngamer',20),
	(792,15220790,'southerngamer',23),
	(793,4278151,'travisro',8),
	(1197,14835049,'tuneinlucas',6),
	(795,4278151,'travisro',12),
	(1195,4278151,'travisro',20),
	(1223,159502072,'ericnear',11),
	(798,4278151,'travisro',24),
	(799,4278151,'travisro',28),
	(1196,4278151,'travisro',38),
	(801,4278151,'travisro',32),
	(802,4278151,'travisro',34),
	(803,4278151,'travisro',44),
	(804,4278151,'travisro',46),
	(805,57784360,'Ja_ke_',2),
	(806,57784360,'Ja_ke_',8),
	(807,57784360,'Ja_ke_',11),
	(808,57784360,'Ja_ke_',9),
	(809,57784360,'Ja_ke_',15),
	(1236,15237957,'grottfather',12),
	(811,57784360,'Ja_ke_',16),
	(812,57784360,'Ja_ke_',20),
	(813,57784360,'Ja_ke_',23),
	(814,57784360,'Ja_ke_',25),
	(815,57784360,'Ja_ke_',31),
	(816,57784360,'Ja_ke_',32),
	(817,57784360,'Ja_ke_',34),
	(818,57784360,'Ja_ke_',38),
	(819,57784360,'Ja_ke_',43),
	(820,57784360,'Ja_ke_',41),
	(821,57784360,'Ja_ke_',46),
	(822,55010774,'courtenayrogers',8),
	(823,55010774,'courtenayrogers',10),
	(824,55010774,'courtenayrogers',14),
	(825,55010774,'courtenayrogers',20),
	(826,55010774,'courtenayrogers',24),
	(1214,55010774,'courtenayrogers',40),
	(828,55010774,'courtenayrogers',28),
	(829,55010774,'courtenayrogers',30),
	(830,55010774,'courtenayrogers',34),
	(831,55010774,'courtenayrogers',46),
	(832,17926353,'Primarily_Rye',12),
	(833,17926353,'Primarily_Rye',26),
	(834,17926353,'Primarily_Rye',28),
	(835,17926353,'Primarily_Rye',34),
	(836,17926353,'Primarily_Rye',40),
	(837,17926353,'Primarily_Rye',44),
	(846,16029179,'miiacom',22),
	(847,16029179,'miiacom',31),
	(848,16029179,'miiacom',35),
	(849,16029179,'miiacom',43),
	(850,16029179,'miiacom',44),
	(851,17237690,'JeffSchuette',8),
	(852,17237690,'JeffSchuette',26),
	(853,17237690,'JeffSchuette',42),
	(854,809600,'billseaver',20),
	(855,809600,'billseaver',21),
	(856,809600,'billseaver',26),
	(857,809600,'billseaver',34),
	(858,809600,'billseaver',42),
	(859,809600,'billseaver',46),
	(860,17761963,'courtneyseiter',6),
	(861,17761963,'courtneyseiter',12),
	(1500,17761963,'courtneyseiter',20),
	(863,17761963,'courtneyseiter',26),
	(864,17761963,'courtneyseiter',32),
	(865,17761963,'courtneyseiter',36),
	(866,17761963,'courtneyseiter',40),
	(1331,17761963,'courtneyseiter',24),
	(868,17761963,'courtneyseiter',42),
	(869,15224775,'GeorgeSibble',3),
	(870,15224775,'GeorgeSibble',14),
	(871,15224775,'GeorgeSibble',16),
	(872,15224775,'GeorgeSibble',22),
	(873,15224775,'GeorgeSibble',27),
	(874,15224775,'GeorgeSibble',26),
	(875,15224775,'GeorgeSibble',29),
	(876,15224775,'GeorgeSibble',34),
	(877,15224775,'GeorgeSibble',39),
	(878,15224775,'GeorgeSibble',46),
	(879,73446975,'kennysilva',8),
	(880,73446975,'kennysilva',12),
	(881,73446975,'kennysilva',20),
	(882,73446975,'kennysilva',24),
	(883,73446975,'kennysilva',28),
	(1269,73446975,'kennysilva',40),
	(885,73446975,'kennysilva',44),
	(886,73446975,'kennysilva',46),
	(887,34355079,'u2tributeband',11),
	(888,34355079,'u2tributeband',18),
	(889,34355079,'u2tributeband',27),
	(890,34355079,'u2tributeband',34),
	(891,34355079,'u2tributeband',47),
	(892,34355079,'u2tributeband',48),
	(893,6771592,'willsloan',2),
	(894,6771592,'willsloan',20),
	(895,6771592,'willsloan',22),
	(896,6771592,'willsloan',24),
	(897,6771592,'willsloan',28),
	(898,6771592,'willsloan',30),
	(899,6771592,'willsloan',44),
	(900,18224374,'lesleyrebecca',4),
	(901,18224374,'lesleyrebecca',8),
	(902,18224374,'lesleyrebecca',5),
	(903,18224374,'lesleyrebecca',7),
	(904,18224374,'lesleyrebecca',20),
	(905,18224374,'lesleyrebecca',28),
	(906,18224374,'lesleyrebecca',31),
	(907,18224374,'lesleyrebecca',32),
	(908,9368242,'metonymy4sale',12),
	(909,9368242,'metonymy4sale',20),
	(910,9368242,'metonymy4sale',28),
	(911,9368242,'metonymy4sale',36),
	(912,9368242,'metonymy4sale',40),
	(913,9368242,'metonymy4sale',44),
	(914,9368242,'metonymy4sale',46),
	(915,14900478,'TigerCEO',38),
	(916,14900478,'TigerCEO',44),
	(917,14900478,'TigerCEO',42),
	(918,14900478,'TigerCEO',46),
	(919,18612282,'jennstonel',8),
	(920,18612282,'jennstonel',12),
	(921,18612282,'jennstonel',10),
	(922,18612282,'jennstonel',16),
	(923,18612282,'jennstonel',34),
	(924,18612282,'jennstonel',46),
	(925,17839777,'bobstrac',12),
	(926,17839777,'bobstrac',24),
	(927,17839777,'bobstrac',32),
	(928,14062752,'joey_strawn',3),
	(1184,14062752,'joey_strawn',16),
	(930,14062752,'joey_strawn',20),
	(931,14062752,'joey_strawn',34),
	(1562,21406931,'chrisriesgo',4),
	(933,14062752,'joey_strawn',46),
	(934,15728745,'michaelsummar',6),
	(935,15728745,'michaelsummar',7),
	(936,15728745,'michaelsummar',24),
	(937,15728745,'michaelsummar',27),
	(938,15728745,'michaelsummar',36),
	(939,15728745,'michaelsummar',40),
	(940,15728745,'michaelsummar',43),
	(941,15728745,'michaelsummar',48),
	(942,20952705,'NashvilleDebbi',20),
	(943,20952705,'NashvilleDebbi',44),
	(944,20952705,'NashvilleDebbi',47),
	(945,20952705,'NashvilleDebbi',45),
	(946,19572909,'ChrisGTaylor',2),
	(947,19572909,'ChrisGTaylor',44),
	(948,14270091,'lynnterry',12),
	(949,14270091,'lynnterry',20),
	(950,14270091,'lynnterry',19),
	(951,14270091,'lynnterry',24),
	(952,14270091,'lynnterry',26),
	(953,14270091,'lynnterry',32),
	(954,14270091,'lynnterry',38),
	(955,14270091,'lynnterry',44),
	(956,14270091,'lynnterry',43),
	(957,14270091,'lynnterry',47),
	(958,14270091,'lynnterry',46),
	(959,14068964,'kevin_thompson',2),
	(960,14068964,'kevin_thompson',7),
	(961,14068964,'kevin_thompson',12),
	(962,14068964,'kevin_thompson',14),
	(963,14068964,'kevin_thompson',16),
	(964,14068964,'kevin_thompson',28),
	(965,5355142,'lacylouwho',10),
	(966,5355142,'lacylouwho',14),
	(967,5355142,'lacylouwho',22),
	(968,5355142,'lacylouwho',40),
	(969,8363712,'digitalblender',7),
	(970,8363712,'digitalblender',11),
	(971,8363712,'digitalblender',17),
	(972,8363712,'digitalblender',26),
	(973,8363712,'digitalblender',32),
	(974,8363712,'digitalblender',37),
	(975,8363712,'digitalblender',39),
	(976,8363712,'digitalblender',44),
	(977,8363712,'digitalblender',43),
	(978,8363712,'digitalblender',47),
	(979,15068990,'jameytucker',12),
	(980,15068990,'jameytucker',20),
	(981,15068990,'jameytucker',26),
	(982,15068990,'jameytucker',28),
	(983,15068990,'jameytucker',32),
	(984,15068990,'jameytucker',34),
	(985,15068990,'jameytucker',44),
	(986,84513703,'leegturley',12),
	(987,84513703,'leegturley',10),
	(988,84513703,'leegturley',13),
	(989,84513703,'leegturley',24),
	(990,84513703,'leegturley',42),
	(991,84513703,'leegturley',44),
	(992,84513703,'leegturley',41),
	(993,110883468,'tutzig',6),
	(994,110883468,'tutzig',14),
	(995,110883468,'tutzig',20),
	(996,110883468,'tutzig',22),
	(997,110883468,'tutzig',38),
	(998,110883468,'tutzig',44),
	(999,110883468,'tutzig',42),
	(1232,10079312,'ryanvanhoozer',11),
	(1001,10079312,'ryanvanhoozer',20),
	(1233,10079312,'ryanvanhoozer',23),
	(1003,10079312,'ryanvanhoozer',44),
	(1876,14293371,'NVanReece',10),
	(1005,14293371,'nvanreece',6),
	(1006,14293371,'nvanreece',14),
	(1882,14293371,'NVanReece',26),
	(1008,14293371,'nvanreece',19),
	(1884,55716324,'missmelissa803',8),
	(1894,14361342,'JeffLee',34),
	(1011,14293371,'nvanreece',32),
	(1898,2653931,'chrisross75',22),
	(1013,14293371,'nvanreece',42),
	(1014,14293371,'nvanreece',46),
	(1015,16860768,'thomasruns',11),
	(1275,16860768,'thomasruns',48),
	(1273,16860768,'thomasruns',32),
	(1018,16860768,'thomasruns',28),
	(1019,16860768,'thomasruns',33),
	(1274,16860768,'thomasruns',40),
	(1021,157342488,'heyhelloband',37),
	(1022,50086711,'aristoworks',10),
	(1023,50086711,'aristoworks',18),
	(1024,50086711,'aristoworks',22),
	(1025,50086711,'aristoworks',28),
	(1026,50086711,'aristoworks',37),
	(1027,50086711,'aristoworks',40),
	(1028,50086711,'aristoworks',44),
	(1029,50086711,'aristoworks',46),
	(1030,50086711,'aristoworks',48),
	(1031,24212743,'matt_watkins_',12),
	(1032,24212743,'matt_watkins_',15),
	(1033,24212743,'matt_watkins_',19),
	(1034,24212743,'matt_watkins_',24),
	(1035,24212743,'matt_watkins_',26),
	(1036,24212743,'matt_watkins_',37),
	(1037,24212743,'matt_watkins_',47),
	(1038,24212743,'matt_watkins_',46),
	(1039,16847294,'amberweinberg',8),
	(1040,16847294,'amberweinberg',12),
	(1041,16847294,'amberweinberg',20),
	(1042,16847294,'amberweinberg',22),
	(1043,16847294,'amberweinberg',34),
	(1044,16847294,'amberweinberg',36),
	(1045,16847294,'amberweinberg',44),
	(1046,16847294,'amberweinberg',46),
	(1047,56112874,'alisawelch',1),
	(1048,56112874,'alisawelch',2),
	(1049,56112874,'alisawelch',4),
	(1050,56112874,'alisawelch',8),
	(1051,56112874,'alisawelch',11),
	(1052,56112874,'alisawelch',9),
	(1053,56112874,'alisawelch',20),
	(1054,56112874,'alisawelch',26),
	(1055,56112874,'alisawelch',32),
	(1056,56112874,'alisawelch',34),
	(1057,56112874,'alisawelch',38),
	(1058,56112874,'alisawelch',44),
	(1059,56112874,'alisawelch',42),
	(1060,56112874,'alisawelch',43),
	(1061,56112874,'alisawelch',45),
	(1062,56112874,'alisawelch',46),
	(1063,9481362,'billywhite4',2),
	(1064,9481362,'billywhite4',10),
	(1065,9481362,'billywhite4',18),
	(1066,9481362,'billywhite4',22),
	(1067,9481362,'billywhite4',27),
	(1068,9481362,'billywhite4',35),
	(1069,9481362,'billywhite4',39),
	(1070,9481362,'billywhite4',41),
	(1071,22976382,'teresawhite',8),
	(1072,22976382,'teresawhite',12),
	(1073,22976382,'teresawhite',28),
	(1074,22976382,'teresawhite',34),
	(1075,22976382,'teresawhite',44),
	(1076,13826812,'jwidmer',12),
	(1077,13826812,'jwidmer',24),
	(1078,13826812,'jwidmer',26),
	(1079,13826812,'jwidmer',32),
	(1080,13826812,'jwidmer',31),
	(1081,16868914,'benwilkins',14),
	(1082,16868914,'benwilkins',17),
	(1083,16868914,'benwilkins',35),
	(1084,16868914,'benwilkins',48),
	(1085,2598511,'tupelorob',4),
	(1086,2598511,'tupelorob',23),
	(1087,2598511,'tupelorob',44),
	(1088,143212240,'nashvideoseo',44),
	(1089,143212240,'nashvideoseo',46),
	(1090,41848343,'rawingfield',3),
	(1091,41848343,'rawingfield',4),
	(1092,41848343,'rawingfield',13),
	(1093,41848343,'rawingfield',20),
	(1094,41848343,'rawingfield',23),
	(1095,70794718,'jessicamwinn',4),
	(1096,70794718,'jessicamwinn',9),
	(1097,70794718,'jessicamwinn',13),
	(1098,70794718,'jessicamwinn',20),
	(1099,70794718,'jessicamwinn',34),
	(1100,17908993,'marcawolfe',20),
	(1101,17908993,'marcawolfe',24),
	(1102,17908993,'marcawolfe',26),
	(1103,17908993,'marcawolfe',44),
	(1104,17908993,'marcawolfe',42),
	(1105,17908993,'marcawolfe',47),
	(1106,33777351,'BeccaWolford',24),
	(1107,33777351,'BeccaWolford',26),
	(1108,33777351,'BeccaWolford',44),
	(1109,33777351,'BeccaWolford',42),
	(1110,33777351,'BeccaWolford',46),
	(1111,5395832,'WonderDawg777',8),
	(1112,5395832,'WonderDawg777',28),
	(1113,18182784,'kelseywynns',2),
	(1114,18182784,'kelseywynns',10),
	(1115,18182784,'kelseywynns',44),
	(1116,18182784,'kelseywynns',48),
	(1117,58990071,'NickYaeger',14),
	(1118,58990071,'NickYaeger',24),
	(1119,58990071,'NickYaeger',35),
	(1120,58990071,'NickYaeger',44),
	(1121,20330193,'stephenyeargin',10),
	(1122,20330193,'stephenyeargin',16),
	(1123,20330193,'stephenyeargin',18),
	(1124,20330193,'stephenyeargin',35),
	(1125,20330193,'stephenyeargin',40),
	(1126,20330193,'stephenyeargin',48),
	(1127,65788409,'StephenZralek',20),
	(1128,65788409,'StephenZralek',26),
	(1129,65788409,'StephenZralek',29),
	(1130,65788409,'StephenZralek',42),
	(1131,11621352,'morganplex',24),
	(1132,11621352,'morganplex',28),
	(1133,11621352,'morganplex',40),
	(1134,11621352,'morganplex',46),
	(1135,11621352,'morganplex',48),
	(1143,12767912,'chrisennis',22),
	(1144,12767912,'chrisennis',25),
	(1145,12767912,'chrisennis',34),
	(1146,12767912,'chrisennis',32),
	(1148,12767912,'chrisennis',40),
	(1151,182960375,'dotrage',1),
	(1152,182960375,'dotrage',6),
	(1153,182960375,'dotrage',11),
	(1154,182960375,'dotrage',16),
	(1157,668563,'kateo',12),
	(1158,668563,'kateo',11),
	(1159,668563,'kateo',46),
	(1160,668563,'kateo',48),
	(1161,668563,'kateo',36),
	(1162,668563,'kateo',15),
	(1163,668563,'kateo',38),
	(1164,668563,'kateo',42),
	(1165,668563,'kateo',26),
	(1166,668563,'kateo',31),
	(1167,668563,'kateo',34),
	(1168,668563,'kateo',37),
	(1169,668563,'kateo',6),
	(1170,668563,'kateo',2),
	(1171,668563,'kateo',1),
	(1172,668563,'kateo',14),
	(1173,668563,'kateo',10),
	(1178,10956962,'studionashvegas',2),
	(1177,668563,'kateo',3),
	(1179,10956962,'studionashvegas',5),
	(1181,10956962,'studionashvegas',12),
	(1182,14062752,'joey_strawn',5),
	(1183,14062752,'joey_strawn',12),
	(1561,14062752,'joey_strawn',24),
	(1564,21406931,'chrisriesgo',12),
	(1187,14062752,'joey_strawn',32),
	(1563,21406931,'chrisriesgo',8),
	(1192,16868914,'BenWilkins',3),
	(1193,16868914,'BenWilkins',8),
	(1194,4278151,'travisro',2),
	(1198,14835049,'tuneinlucas',3),
	(1199,14835049,'tuneinlucas',14),
	(1200,14835049,'tuneinlucas',11),
	(1201,14835049,'tuneinlucas',17),
	(1203,14835049,'tuneinlucas',29),
	(1204,14835049,'tuneinlucas',36),
	(1205,14835049,'tuneinlucas',40),
	(1206,14835049,'tuneinlucas',42),
	(1207,14835049,'tuneinlucas',47),
	(1208,14835049,'tuneinlucas',26),
	(1209,14835049,'tuneinlucas',21),
	(1210,16349863,'LuckyNicKle',1),
	(1211,16349863,'LuckyNicKle',6),
	(1212,16349863,'LuckyNicKle',10),
	(1213,4278151,'travisro',15),
	(1215,55010774,'courtenayrogers',44),
	(1216,159502072,'ericnear',5),
	(1217,159502072,'ericnear',31),
	(1218,159502072,'ericnear',37),
	(1219,159502072,'ericnear',48),
	(1220,159502072,'ericnear',20),
	(1221,159502072,'ericnear',23),
	(1222,159502072,'ericnear',3),
	(1224,5634342,'mDave',23),
	(1225,5634342,'mDave',17),
	(1226,5634342,'mDave',11),
	(1227,5634342,'mDave',31),
	(1228,5634342,'mDave',34),
	(1229,5634342,'mDave',44),
	(1230,5634342,'mDave',48),
	(1231,10079312,'ryanvanhoozer',38),
	(1234,15237957,'grottfather',1),
	(1235,15237957,'grottfather',6),
	(1237,15237957,'grottfather',16),
	(1238,15237957,'grottfather',20),
	(1239,15237957,'grottfather',22),
	(1240,15237957,'grottfather',26),
	(1241,15237957,'grottfather',29),
	(1242,15237957,'grottfather',36),
	(1243,15237957,'grottfather',39),
	(1244,15237957,'grottfather',44),
	(1245,15237957,'grottfather',48),
	(1246,6483482,'red_shamrock',44),
	(1247,6483482,'red_shamrock',6),
	(1248,6483482,'red_shamrock',15),
	(1249,6483482,'red_shamrock',12),
	(1250,6483482,'red_shamrock',17),
	(1251,6483482,'red_shamrock',26),
	(1252,6483482,'red_shamrock',38),
	(1253,6483482,'red_shamrock',46),
	(1254,6483482,'red_shamrock',2),
	(1256,6483482,'red_shamrock',34),
	(1257,10290952,'abe238',13),
	(1258,10290952,'abe238',17),
	(1259,10290952,'abe238',20),
	(1260,10290952,'abe238',11),
	(1261,10290952,'abe238',2),
	(1262,10290952,'abe238',22),
	(1263,10290952,'abe238',24),
	(1264,10290952,'abe238',26),
	(1265,10290952,'abe238',30),
	(1266,10290952,'abe238',35),
	(1267,10290952,'abe238',33),
	(1268,73446975,'kennysilva',32),
	(1270,73446975,'kennysilva',34),
	(1271,73446975,'kennysilva',2),
	(1272,73446975,'kennysilva',14),
	(1276,31452331,'daxonedwards',5),
	(1281,1593,'fishwreck',26),
	(1282,1593,'fishwreck',42),
	(1283,1593,'fishwreck',27),
	(1284,1593,'fishwreck',11),
	(1285,1593,'fishwreck',36),
	(1286,1593,'fishwreck',34),
	(1288,8269092,'JohnWEllis',9),
	(1289,8269092,'JohnWEllis',4),
	(1291,39539952,'RonLedford_CPA',44),
	(1292,39539952,'RonLedford_CPA',47),
	(1294,87019231,'ashleysegroves',5),
	(1295,87019231,'ashleysegroves',1),
	(1296,87019231,'ashleysegroves',9),
	(1297,87019231,'ashleysegroves',13),
	(1298,87019231,'ashleysegroves',20),
	(1299,87019231,'ashleysegroves',22),
	(1303,87019231,'ashleysegroves',32),
	(1301,87019231,'ashleysegroves',28),
	(1304,87019231,'ashleysegroves',34),
	(1305,87019231,'ashleysegroves',38),
	(1309,14971868,'lauriekalmanson',6),
	(1307,87019231,'ashleysegroves',44),
	(1308,87019231,'ashleysegroves',47),
	(1310,14971868,'lauriekalmanson',21),
	(1311,14971868,'lauriekalmanson',40),
	(1312,14971868,'lauriekalmanson',39),
	(1313,14971868,'lauriekalmanson',48),
	(1314,1668721,'jwd2a',12),
	(1315,1668721,'jwd2a',34),
	(1317,1668721,'jwd2a',2),
	(1318,1668721,'jwd2a',40),
	(1319,1668721,'jwd2a',42),
	(1320,1668721,'jwd2a',32),
	(1322,779451,'davedelaney',3),
	(1323,779451,'davedelaney',6),
	(1324,779451,'davedelaney',11),
	(1326,779451,'davedelaney',17),
	(1327,779451,'davedelaney',23),
	(1330,779451,'davedelaney',47),
	(1332,17761963,'courtneyseiter',17),
	(1497,17761963,'courtneyseiter',38),
	(1335,20742148,'ctnelson',11),
	(1336,20742148,'ctnelson',12),
	(1337,20742148,'ctnelson',15),
	(1338,20742148,'ctnelson',20),
	(1339,20742148,'ctnelson',29),
	(1340,20742148,'ctnelson',35),
	(1341,20742148,'ctnelson',46),
	(1342,20742148,'ctnelson',8),
	(1343,15660428,'dargavell',42),
	(1344,12921162,'lroggendorff',8),
	(1575,100799312,'iMarCon',3),
	(1883,14293371,'NVanReece',22),
	(1572,12921162,'lroggendorff',17),
	(1348,12921162,'lroggendorff',22),
	(1574,12921162,'lroggendorff',10),
	(1351,12921162,'lroggendorff',35),
	(1352,16841746,'k_swan',28),
	(1353,12921162,'lroggendorff',38),
	(1354,16841746,'k_swan',34),
	(1355,12921162,'lroggendorff',44),
	(1356,16841746,'k_swan',40),
	(1357,16841746,'k_swan',47),
	(1358,12921162,'lroggendorff',48),
	(1359,1593,'fishwreck',3),
	(1360,1593,'fishwreck',6),
	(1361,1593,'fishwreck',10),
	(1362,1593,'fishwreck',12),
	(1363,1593,'fishwreck',18),
	(1364,1593,'fishwreck',20),
	(1365,1593,'fishwreck',24),
	(1366,1593,'fishwreck',48),
	(1367,1593,'fishwreck',46),
	(1368,1593,'fishwreck',45),
	(1369,1593,'fishwreck',43),
	(1370,1593,'fishwreck',39),
	(1371,1593,'fishwreck',2),
	(1372,1593,'fishwreck',1),
	(1373,10019542,'chuckbryant',1),
	(1374,10019542,'chuckbryant',2),
	(1375,10019542,'chuckbryant',3),
	(1376,10019542,'chuckbryant',6),
	(1377,10019542,'chuckbryant',7),
	(1378,10019542,'chuckbryant',11),
	(1379,10019542,'chuckbryant',17),
	(1380,10019542,'chuckbryant',27),
	(1381,10019542,'chuckbryant',34),
	(1382,10019542,'chuckbryant',36),
	(1383,10019542,'chuckbryant',38),
	(1384,10019542,'chuckbryant',39),
	(1385,10019542,'chuckbryant',43),
	(1386,10019542,'chuckbryant',45),
	(1387,10019542,'chuckbryant',46),
	(1388,10019542,'chuckbryant',48),
	(1409,90943495,'BeckysGraphicD',38),
	(1408,90943495,'BeckysGraphicD',46),
	(1407,90943495,'BeckysGraphicD',15),
	(1406,90943495,'BeckysGraphicD',6),
	(1405,90943495,'BeckysGraphicD',2),
	(1881,10859562,'_13apples_',45),
	(1404,809600,'BillSeaver',29),
	(1403,809600,'BillSeaver',9),
	(1400,809600,'BillSeaver',3),
	(1410,90943495,'BeckysGraphicD',23),
	(1411,15694723,'bebopalicious',19),
	(1412,15694723,'bebopalicious',11),
	(1413,15694723,'bebopalicious',24),
	(1421,142270889,'VincentJHarris',28),
	(1422,142270889,'VincentJHarris',30),
	(1423,142270889,'VincentJHarris',34),
	(1424,142270889,'VincentJHarris',38),
	(1425,142270889,'VincentJHarris',44),
	(1426,142270889,'VincentJHarris',46),
	(1427,6733392,'adamauden',3),
	(1428,6733392,'adamauden',8),
	(1429,6733392,'adamauden',12),
	(1430,6733392,'adamauden',14),
	(1431,6733392,'adamauden',18),
	(1432,6733392,'adamauden',22),
	(1433,6733392,'adamauden',28),
	(1434,6733392,'adamauden',30),
	(1435,6733392,'adamauden',36),
	(1436,6733392,'adamauden',38),
	(1437,6733392,'adamauden',44),
	(1438,6733392,'adamauden',46),
	(1439,92812165,'tennredsoxfan',16),
	(1440,92812165,'tennredsoxfan',24),
	(1441,92812165,'tennredsoxfan',28),
	(1442,92812165,'tennredsoxfan',33),
	(1443,92812165,'tennredsoxfan',47),
	(1444,92812165,'tennredsoxfan',10),
	(1445,16879256,'benwolf',1),
	(1446,16879256,'benwolf',6),
	(1447,16879256,'benwolf',9),
	(1448,16879256,'benwolf',13),
	(1449,16879256,'benwolf',19),
	(1450,16879256,'benwolf',24),
	(1451,16879256,'benwolf',28),
	(1452,16879256,'benwolf',31),
	(1453,16879256,'benwolf',34),
	(1454,16879256,'benwolf',38),
	(1455,16879256,'benwolf',42),
	(1456,16879256,'benwolf',47),
	(1457,103162689,'realityshifthd',46),
	(1458,103162689,'realityshifthd',1),
	(1459,103162689,'realityshifthd',5),
	(1460,103162689,'realityshifthd',11),
	(1461,103162689,'realityshifthd',15),
	(1462,103162689,'realityshifthd',20),
	(1463,103162689,'realityshifthd',23),
	(1464,103162689,'realityshifthd',25),
	(1465,103162689,'realityshifthd',31),
	(1466,103162689,'realityshifthd',34),
	(1467,103162689,'realityshifthd',38),
	(1468,103162689,'realityshifthd',42),
	(1469,19296198,'marybreen',15),
	(1470,19296198,'marybreen',17),
	(1471,19296198,'marybreen',24),
	(1472,19296198,'marybreen',33),
	(1473,19296198,'marybreen',39),
	(1474,19296198,'marybreen',43),
	(1475,19296198,'marybreen',46),
	(1476,60697528,'thedavechannel',15),
	(1477,60697528,'thedavechannel',20),
	(1478,60697528,'thedavechannel',24),
	(1479,60697528,'thedavechannel',43),
	(1480,41653400,'BZSusie',48),
	(1481,41653400,'BZSusie',32),
	(1482,41653400,'BZSusie',39),
	(1483,41653400,'BZSusie',28),
	(1484,41653400,'BZSusie',22),
	(1485,41653400,'BZSusie',14),
	(1486,41653400,'BZSusie',16),
	(1487,41653400,'BZSusie',4),
	(1488,41653400,'BZSusie',25),
	(1489,41653400,'BZSusie',20),
	(1490,41653400,'BZSusie',17),
	(1491,41653400,'BZSusie',33),
	(1492,41653400,'BZSusie',11),
	(1493,41653400,'BZSusie',10),
	(1494,41653400,'BZSusie',7),
	(1495,17761963,'courtneyseiter',4),
	(1498,17761963,'courtneyseiter',46),
	(1499,17761963,'courtneyseiter',15),
	(1501,17761963,'courtneyseiter',34),
	(1502,15812767,'freddiebtv',1),
	(1503,15812767,'freddiebtv',6),
	(1504,15812767,'freddiebtv',9),
	(1505,15812767,'freddiebtv',17),
	(1506,15812767,'freddiebtv',23),
	(1507,15812767,'freddiebtv',28),
	(1508,15812767,'freddiebtv',34),
	(1509,15812767,'freddiebtv',38),
	(1510,15812767,'freddiebtv',47),
	(1511,17382365,'rokuthirteen',3),
	(1512,17382365,'rokuthirteen',6),
	(1514,17382365,'rokuthirteen',16),
	(1515,17382365,'rokuthirteen',11),
	(1516,17382365,'rokuthirteen',18),
	(1518,17382365,'rokuthirteen',23),
	(1519,17382365,'rokuthirteen',27),
	(1520,17382365,'rokuthirteen',30),
	(1521,17382365,'rokuthirteen',33),
	(1522,17382365,'rokuthirteen',37),
	(1523,17382365,'rokuthirteen',43),
	(1524,17382365,'rokuthirteen',47),
	(1525,17386029,'pumilio',3),
	(1526,17386029,'pumilio',6),
	(1527,17386029,'pumilio',11),
	(1528,17386029,'pumilio',16),
	(1529,17386029,'pumilio',18),
	(1530,17386029,'pumilio',23),
	(1531,17386029,'pumilio',27),
	(1532,17386029,'pumilio',30),
	(1537,17386029,'pumilio',33),
	(1534,17386029,'pumilio',37),
	(1535,17386029,'pumilio',43),
	(1536,17386029,'pumilio',47),
	(1538,26028683,'vcharlene',1),
	(1539,26028683,'vcharlene',6),
	(1540,26028683,'vcharlene',9),
	(1541,26028683,'vcharlene',20),
	(1542,26028683,'vcharlene',23),
	(1543,26028683,'vcharlene',26),
	(1544,26028683,'vcharlene',34),
	(1545,26028683,'vcharlene',38),
	(1546,26028683,'vcharlene',47),
	(1547,16695801,'anhedoniamoon',1),
	(1548,16695801,'anhedoniamoon',3),
	(1549,16695801,'anhedoniamoon',6),
	(1550,16695801,'anhedoniamoon',9),
	(1551,16695801,'anhedoniamoon',13),
	(1552,16695801,'anhedoniamoon',19),
	(1553,16695801,'anhedoniamoon',24),
	(1554,16695801,'anhedoniamoon',28),
	(1555,16695801,'anhedoniamoon',32),
	(1556,16695801,'anhedoniamoon',34),
	(1557,16695801,'anhedoniamoon',37),
	(1558,16695801,'anhedoniamoon',42),
	(1559,16695801,'anhedoniamoon',45),
	(1560,16695801,'anhedoniamoon',47),
	(1565,21406931,'chrisriesgo',16),
	(1566,21406931,'chrisriesgo',20),
	(1567,21406931,'chrisriesgo',34),
	(1568,668563,'kateo',27),
	(1569,668563,'kateo',28),
	(1570,668563,'kateo',35),
	(1571,668563,'kateo',30),
	(1576,100799312,'iMarCon',9),
	(1577,100799312,'iMarCon',32),
	(1578,100799312,'iMarCon',47),
	(1579,25298931,'WendyMonday',20),
	(1580,25298931,'WendyMonday',32),
	(1581,25298931,'WendyMonday',46),
	(1582,16029179,'miiacom',4),
	(1583,16029179,'miiacom',6),
	(1584,16029179,'miiacom',11),
	(1585,16029179,'miiacom',16),
	(1586,16029179,'miiacom',14),
	(1587,16029179,'miiacom',17),
	(1840,60058563,'WisdomGuide',2),
	(1589,16029179,'miiacom',27),
	(1590,16029179,'miiacom',39),
	(1591,16029179,'miiacom',46),
	(1592,16029179,'miiacom',45),
	(1593,1830861,'matt_mueller',34),
	(1594,2139061,'inrebasworld',25),
	(1595,2139061,'inrebasworld',31),
	(1596,2139061,'inrebasworld',13),
	(1597,2139061,'inrebasworld',22),
	(1599,16860768,'thomasruns',16),
	(1601,111656076,'Dollchandler',6),
	(1602,111656076,'Dollchandler',11),
	(1603,111656076,'Dollchandler',14),
	(1604,111656076,'Dollchandler',20),
	(1605,111656076,'Dollchandler',23),
	(1606,111656076,'Dollchandler',26),
	(1607,111656076,'Dollchandler',31),
	(1608,111656076,'Dollchandler',34),
	(1609,111656076,'Dollchandler',37),
	(1610,111656076,'Dollchandler',42),
	(1611,111656076,'Dollchandler',46),
	(1612,77019386,'L_evateyourlife',3),
	(1613,77019386,'L_evateyourlife',8),
	(1614,77019386,'L_evateyourlife',12),
	(1615,77019386,'L_evateyourlife',15),
	(1616,77019386,'L_evateyourlife',20),
	(1617,77019386,'L_evateyourlife',23),
	(1618,77019386,'L_evateyourlife',26),
	(1619,77019386,'L_evateyourlife',31),
	(1620,77019386,'L_evateyourlife',38),
	(1621,77019386,'L_evateyourlife',42),
	(1622,77019386,'L_evateyourlife',47),
	(1624,25343483,'lauraclick',10),
	(1625,25343483,'lauraclick',8),
	(1626,25343483,'lauraclick',15),
	(1627,25343483,'lauraclick',24),
	(1629,25343483,'lauraclick',46),
	(1630,14528993,'alassiter',44),
	(1631,14528993,'alassiter',47),
	(1632,14528993,'alassiter',38),
	(1633,14528993,'alassiter',30),
	(1634,14528993,'alassiter',26),
	(1635,14528993,'alassiter',24),
	(1636,14528993,'alassiter',17),
	(1637,14528993,'alassiter',15),
	(1638,14528993,'alassiter',11),
	(1639,14528993,'alassiter',8),
	(1640,14528993,'alassiter',3),
	(1641,8363712,'digitalblender',34),
	(1642,5612832,'morganlevy',3),
	(1643,5612832,'morganlevy',6),
	(1644,5612832,'morganlevy',10),
	(1645,5612832,'morganlevy',17),
	(1646,5612832,'morganlevy',24),
	(1647,5612832,'morganlevy',25),
	(1648,5612832,'morganlevy',26),
	(1649,8363712,'digitalblender',1),
	(1650,5612832,'morganlevy',34),
	(1651,5612832,'morganlevy',40),
	(1652,5612832,'morganlevy',42),
	(1653,5612832,'morganlevy',44),
	(1654,5612832,'morganlevy',46),
	(1655,8363712,'digitalblender',22),
	(1656,8363712,'digitalblender',13),
	(1663,28023145,'sbradeen',26),
	(1658,28023145,'sbradeen',5),
	(1659,28023145,'sbradeen',10),
	(1660,28023145,'sbradeen',13),
	(1661,28023145,'sbradeen',17),
	(1662,28023145,'sbradeen',1),
	(1664,28023145,'sbradeen',31),
	(1665,28023145,'sbradeen',36),
	(1666,28023145,'sbradeen',39),
	(1667,17081348,'joeylasalle',24),
	(1668,17081348,'joeylasalle',26),
	(1669,17081348,'joeylasalle',34),
	(1670,17081348,'joeylasalle',38),
	(1671,17081348,'joeylasalle',46),
	(1672,17081348,'joeylasalle',2),
	(1673,10595852,'nathanTbaker',3),
	(1674,10595852,'nathanTbaker',6),
	(1675,10595852,'nathanTbaker',8),
	(1676,10595852,'nathanTbaker',11),
	(1677,10595852,'nathanTbaker',12),
	(1678,10595852,'nathanTbaker',16),
	(1679,10595852,'nathanTbaker',13),
	(1680,10595852,'nathanTbaker',19),
	(1681,10595852,'nathanTbaker',26),
	(1682,10595852,'nathanTbaker',38),
	(1683,10595852,'nathanTbaker',40),
	(1684,10595852,'nathanTbaker',46),
	(1685,10443092,'editrish',24),
	(1686,10443092,'editrish',25),
	(1687,10443092,'editrish',34),
	(1688,10443092,'editrish',44),
	(1689,12760302,'dezoneman',1),
	(1690,12760302,'dezoneman',8),
	(1691,12760302,'dezoneman',11),
	(1692,12760302,'dezoneman',13),
	(1693,12760302,'dezoneman',17),
	(1694,12760302,'dezoneman',21),
	(1695,12760302,'dezoneman',28),
	(1696,12760302,'dezoneman',32),
	(1697,12760302,'dezoneman',34),
	(1698,12760302,'dezoneman',37),
	(1699,12760302,'dezoneman',43),
	(1700,12760302,'dezoneman',46),
	(1701,203266660,'kggally',4),
	(1702,203266660,'kggally',8),
	(1703,203266660,'kggally',10),
	(1704,203266660,'kggally',15),
	(1705,203266660,'kggally',20),
	(1706,203266660,'kggally',22),
	(1707,203266660,'kggally',25),
	(1708,203266660,'kggally',32),
	(1709,203266660,'kggally',34),
	(1710,203266660,'kggally',40),
	(1711,203266660,'kggally',42),
	(1712,203266660,'kggally',45),
	(1713,20409250,'Jessicarsen',4),
	(1714,20409250,'Jessicarsen',8),
	(1715,20409250,'Jessicarsen',11),
	(1716,20409250,'Jessicarsen',13),
	(1717,20409250,'Jessicarsen',17),
	(1718,20409250,'Jessicarsen',37),
	(1719,20409250,'Jessicarsen',42),
	(1720,20409250,'Jessicarsen',48),
	(1721,20908869,'dkazan',2),
	(1722,20908869,'dkazan',5),
	(1723,20908869,'dkazan',11),
	(1724,20908869,'dkazan',15),
	(1725,20908869,'dkazan',23),
	(1726,20908869,'dkazan',20),
	(1727,20908869,'dkazan',26),
	(1728,20908869,'dkazan',32),
	(1729,20908869,'dkazan',36),
	(1730,20908869,'dkazan',38),
	(1731,20908869,'dkazan',42),
	(1732,20908869,'dkazan',46),
	(1733,22849294,'BrianCoxTN',4),
	(1734,22849294,'BrianCoxTN',7),
	(1735,22849294,'BrianCoxTN',13),
	(1736,22849294,'BrianCoxTN',25),
	(1737,22849294,'BrianCoxTN',35),
	(1738,22849294,'BrianCoxTN',39),
	(1739,22849294,'BrianCoxTN',45),
	(1740,55614535,'EarthOutside',8),
	(1741,55614535,'EarthOutside',16),
	(1742,55614535,'EarthOutside',11),
	(1743,55614535,'EarthOutside',20),
	(1744,55614535,'EarthOutside',3),
	(1747,8269332,'gavoweb',3),
	(1749,768242,'sleepydad',40),
	(1750,768242,'sleepydad',35),
	(1751,768242,'sleepydad',14),
	(1752,768242,'sleepydad',11),
	(1753,768242,'sleepydad',32),
	(1754,153126362,'ErikaGay',24),
	(1755,153126362,'ErikaGay',7),
	(1756,153126362,'ErikaGay',19),
	(1758,153126362,'ErikaGay',26),
	(1759,153126362,'ErikaGay',32),
	(1760,153126362,'ErikaGay',34),
	(1761,153126362,'ErikaGay',38),
	(1765,7322532,'erincubert',6),
	(1766,7322532,'erincubert',12),
	(1767,7322532,'erincubert',15),
	(1768,7322532,'erincubert',24),
	(1769,7322532,'erincubert',28),
	(1770,7322532,'erincubert',36),
	(1771,7322532,'erincubert',40),
	(1772,7322532,'erincubert',31),
	(1773,7322532,'erincubert',47),
	(1774,14992874,'gvillearchitect',4),
	(1775,14992874,'gvillearchitect',6),
	(1776,14992874,'gvillearchitect',12),
	(1777,14992874,'gvillearchitect',13),
	(1778,14992874,'gvillearchitect',20),
	(1779,14992874,'gvillearchitect',21),
	(1780,14992874,'gvillearchitect',28),
	(1782,14992874,'gvillearchitect',34),
	(1783,14992874,'gvillearchitect',31),
	(1784,14992874,'gvillearchitect',40),
	(1785,14992874,'gvillearchitect',42),
	(1786,14992874,'gvillearchitect',47),
	(1787,203379448,'roommatejosh',4),
	(1788,203379448,'roommatejosh',8),
	(1789,203379448,'roommatejosh',10),
	(1790,203379448,'roommatejosh',13),
	(1791,203379448,'roommatejosh',20),
	(1792,203379448,'roommatejosh',24),
	(1793,203379448,'roommatejosh',31),
	(1794,203379448,'roommatejosh',37),
	(1795,203379448,'roommatejosh',47),
	(1796,203379448,'roommatejosh',44),
	(1797,14364723,'Chadillac73',34),
	(1798,14364723,'Chadillac73',4),
	(1799,14364723,'Chadillac73',8),
	(1800,14364723,'Chadillac73',11),
	(1801,14364723,'Chadillac73',15),
	(1802,14364723,'Chadillac73',20),
	(1803,14364723,'Chadillac73',24),
	(1804,14364723,'Chadillac73',26),
	(1805,14364723,'Chadillac73',32),
	(1806,14364723,'Chadillac73',44),
	(1809,14364723,'Chadillac73',47),
	(1808,14364723,'Chadillac73',38),
	(1810,14304473,'EmilyLowe',2),
	(1811,14304473,'EmilyLowe',7),
	(1812,14304473,'EmilyLowe',9),
	(1813,14304473,'EmilyLowe',14),
	(1814,14304473,'EmilyLowe',24),
	(1815,14304473,'EmilyLowe',26),
	(1816,14304473,'EmilyLowe',34),
	(1817,14304473,'EmilyLowe',38),
	(1818,14304473,'EmilyLowe',42),
	(1819,14304473,'EmilyLowe',47),
	(1820,14304473,'EmilyLowe',46),
	(1829,107452508,'sss4success',11),
	(1830,107452508,'sss4success',15),
	(1831,107452508,'sss4success',20),
	(1832,107452508,'sss4success',23),
	(1833,107452508,'sss4success',26),
	(1834,107452508,'sss4success',29),
	(1835,107452508,'sss4success',34),
	(1836,107452508,'sss4success',38),
	(1837,107452508,'sss4success',44),
	(1838,107452508,'sss4success',47),
	(1839,16029179,'miiacom',18),
	(1841,60058563,'WisdomGuide',8),
	(1842,60058563,'WisdomGuide',9),
	(1843,60058563,'WisdomGuide',15),
	(1844,60058563,'WisdomGuide',20),
	(1845,60058563,'WisdomGuide',23),
	(1846,60058563,'WisdomGuide',26),
	(1847,60058563,'WisdomGuide',29),
	(1848,60058563,'WisdomGuide',34),
	(1849,60058563,'WisdomGuide',38),
	(1850,60058563,'WisdomGuide',44),
	(1851,60058563,'WisdomGuide',46),
	(1852,13068932,'gresham',3),
	(1853,13068932,'gresham',8),
	(1854,13068932,'gresham',9),
	(1855,13068932,'gresham',20),
	(1856,13068932,'gresham',32),
	(1857,13068932,'gresham',34),
	(1858,13068932,'gresham',38),
	(1859,6205052,'adam_is_tall',3),
	(1860,6205052,'adam_is_tall',6),
	(1861,6205052,'adam_is_tall',12),
	(1862,6205052,'adam_is_tall',16),
	(1863,6205052,'adam_is_tall',17),
	(1864,6205052,'adam_is_tall',22),
	(1865,6205052,'adam_is_tall',31),
	(1866,6205052,'adam_is_tall',36),
	(1867,6205052,'adam_is_tall',33),
	(1868,6205052,'adam_is_tall',39),
	(1869,6205052,'adam_is_tall',43),
	(1870,6205052,'adam_is_tall',47),
	(1872,10290952,'abe238',39),
	(1875,809600,'BillSeaver',6),
	(1874,14293371,'NVanReece',1),
	(1886,55716324,'missmelissa803',13),
	(1887,55716324,'missmelissa803',20),
	(1888,55716324,'missmelissa803',23),
	(1889,55716324,'missmelissa803',26),
	(1890,55716324,'missmelissa803',34),
	(1891,55716324,'missmelissa803',39),
	(1892,55716324,'missmelissa803',44),
	(1893,55716324,'missmelissa803',48),
	(1895,14361342,'JeffLee',32),
	(1896,14361342,'JeffLee',39),
	(1897,14293371,'NVanReece',38),
	(1899,2653931,'chrisross75',20),
	(1900,2653931,'chrisross75',14),
	(1901,2653931,'chrisross75',11),
	(1902,2653931,'chrisross75',8),
	(1903,2653931,'chrisross75',4),
	(1904,2653931,'chrisross75',26),
	(1905,2653931,'chrisross75',32),
	(1906,2653931,'chrisross75',39),
	(1907,2653931,'chrisross75',44),
	(1908,14361342,'JeffLee',1);

/*!40000 ALTER TABLE `bcn_users_session_assoc` ENABLE KEYS */;
UNLOCK TABLES;


# Dump of table lists
# ------------------------------------------------------------

DROP TABLE IF EXISTS `lists`;

CREATE TABLE `lists` (
  `id` int(11) NOT NULL auto_increment,
  `user_id` int(11) default NULL,
  `list_id` int(11) default NULL,
  PRIMARY KEY  (`id`),
  UNIQUE KEY `ix_list_id` (`list_id`),
  KEY `ix_user_id` (`user_id`)
) ENGINE=MyISAM DEFAULT CHARSET=latin1;

LOCK TABLES `lists` WRITE;
/*!40000 ALTER TABLE `lists` DISABLE KEYS */;

INSERT INTO `lists` (`id`, `user_id`, `list_id`)
VALUES
	(2,809600,542374),
	(3,668563,6041990);

/*!40000 ALTER TABLE `lists` ENABLE KEYS */;
UNLOCK TABLES;


# Dump of table meta
# ------------------------------------------------------------

DROP TABLE IF EXISTS `meta`;

CREATE TABLE `meta` (
  `id` int(11) NOT NULL auto_increment,
  `name` varchar(60) default NULL,
  `value` varchar(255) default NULL,
  PRIMARY KEY  (`id`),
  KEY `ix_name` (`name`)
) ENGINE=MyISAM DEFAULT CHARSET=latin1;

LOCK TABLES `meta` WRITE;
/*!40000 ALTER TABLE `meta` DISABLE KEYS */;

INSERT INTO `meta` (`id`, `name`, `value`)
VALUES
	(1,'dm_since_id','1769811994'),
	(2,'twitter_token','199846770-weiZdubjezJkaHM26LQiTgHQyxPyj0yiY5ScDTAa'),
	(3,'twitter_secret','MYzIXnw8xM6HxQSu2O6uClgDTYJ2zSgrPxaZfE4x80');

/*!40000 ALTER TABLE `meta` ENABLE KEYS */;
UNLOCK TABLES;


# Dump of table rooms
# ------------------------------------------------------------

DROP TABLE IF EXISTS `rooms`;

CREATE TABLE `rooms` (
  `id` int(11) NOT NULL auto_increment,
  `name` varchar(50) default NULL,
  PRIMARY KEY  (`id`)
) ENGINE=MyISAM DEFAULT CHARSET=latin1;

LOCK TABLES `rooms` WRITE;
/*!40000 ALTER TABLE `rooms` DISABLE KEYS */;

INSERT INTO `rooms` (`id`, `name`)
VALUES
	(1,'WannaB\'s'),
	(2,'RockBar'),
	(3,'Cadillac Ranch Upstairs'),
	(4,'Karma Lounge');

/*!40000 ALTER TABLE `rooms` ENABLE KEYS */;
UNLOCK TABLES;


# Dump of table sessions
# ------------------------------------------------------------

DROP TABLE IF EXISTS `sessions`;

CREATE TABLE `sessions` (
  `id` int(11) NOT NULL auto_increment,
  `slug` text,
  `title` text,
  `speaker` varchar(255) default NULL,
  `description` text,
  `room` int(11) default NULL,
  `starttime` int(11) default NULL,
  `tag` varchar(40) default NULL,
  PRIMARY KEY  (`id`),
  KEY `ix_tag` (`tag`),
  KEY `ix_room` (`room`),
  KEY `ix_starttime` (`starttime`)
) ENGINE=MyISAM DEFAULT CHARSET=latin1;

LOCK TABLES `sessions` WRITE;
/*!40000 ALTER TABLE `sessions` DISABLE KEYS */;

INSERT INTO `sessions` (`id`, `slug`, `title`, `speaker`, `description`, `room`, `starttime`, `tag`)
VALUES
	(1,'how-brands-can-tap-online-zeitgeist','How Brands Can Tap into the Online Zeitgeist','Chris Houchens','Santa Claus didn\'t build his brand using the Internet, but Santa\'s brand image is deeply embedded in the zeitgeist.\n\nThe zeitgeist is an abstract concept of what?s currently top-of-mind in the public?s collective consciousness. The concept of brand is also an abstract idea to describe the relationship between consumers and a company. In this session, Chris Houchens, the author of the 2010 book Brand Zeitgeist, will show how to use the zeitgeist to create a winning brand strategy.\n\nChris will offer several real life case studies on how brands are embedding themselves into the online zeitgeist. The sesssion will offer attendees ideas for how they can do the same.',1,1287243000,'#bcn10zeitgeist'),
	(2,'building-e-commerce-sites-it-doesnt-have-suck','Building E-Commerce Sites: It doesn\'t have to suck.','Luke Stokes','As co-founder and developer of FoxyCart.com, I\'m passionate about E-Commerce. I believe customers deserve more than a painful purchasing experience. Design and function matter.\n\nThere are so many options out there and until recently, most of them have sucked. How do you pick one that meets your client\'s needs? What about security, PCI DSS, taxes, shipping, downloadables, subscriptions, coupons and integrating with your existing backend systems like inventory, accounting and CRM? Should you add e-commerce to your exsting website or build out a new one? Should you go hosted or self-hosted?',2,1287243000,'#bcn10ecom'),
	(3,'nashvilles-digital-landscape','Nashville\'s Digital Landscape','Rob Robinson','A snapshot of Nashville\'s diverse tech community featuring an overview of its major organizations and meetups. Find your niche and get involved!',3,1287243000,NULL),
	(4,'best-job-ever-executive-recruiter%E2%80%99s-inside-advice-how-get-job-you-really-want-even-tight','The Best Job Ever: An Executive Recruiter?s Inside Advice on How to Get the Job You Really Want (Even in a Tight Market)','Leslie Ayres','Stuck in your job search without results? Lose out on a job that you knew should have been yours? Feeling lost as you try to navigate the world of online submissions, anonymous Craigslist ads, corporate smokescreens and resume confusion? You?re not alone.\n\nLooking for a new job is hard enough, and looking for the job you really want, especially when people are telling you that you?re lucky to have any job at all in a market like this, takes some courage and some know-how.\n',4,1287243000,'#bcn10.bestjobever'),
	(5,'power-possibility-and-how-not-suck-it','The Power of Possibility And How Not To Suck At It','Phyllis Nichols','Making an impact is a choice; you get to decide how the world (online and IRL) sees who you are and your capabilities. We often choose the safe or predictable and wonder why we aren\'t excited with our results.\nThis session is a conversation about making different choices and embracing new results.',1,1287245400,NULL),
	(6,'online-media-creative-tests-good-bad-and-trivial','PANEL: Online Media Creative Tests: The Good, The Bad, and the Trivial','Kate Gallagher & Josh Miller','As Media Directors for Paramore|Redd Online Marketing Josh and Kate, have the privilege of overseeing online media campaigns for our clients. Josh is the online media art director, and Kate is the planning and buying director. We strive to create campaigns that are simple, clear and focused on results.\n\nIn our crusade for the best results, we are in a constant state of testing our clients\' strategies and creative. The data generated in these tests is often significant enough to have a serious impact on our clients\' ROI. These tests are a case study?s dream come true. That said, tests can also generate insignificant results just as often.',2,1287245400,NULL),
	(7,'corporations-vs-llcs-understand-differences-and-why-you-should-pick-one-today','Corporations vs. LLCs: understand the differences and why you should pick one TODAY!','Kevin Thompson','Entrepreneurs are always asking: \"what\'s the difference between corporations and LLCs and which form should I use?\" During this session, we\'ll talk about the pros and cons of each. And in the Barcamp 2010 spirit of \"giving away the good stuff,\" all attendees will be given the essential formation documents that every entrepreneur needs when they start their business.',3,1287245400,'#bcn10entity'),
	(8,'saving-world-140-characters-time-social-media-tool-inspiring-change','Saving The World 140 Characters at a Time: Social Media as a Tool For Inspiring Change','Kenny Silva','An overview, case study, and call to action for churches, non-profits, and other do-gooders who seek to use social media to inspire positive change. We\'ll be exploring how charitable organizations, both religious and secular, have used social media to fuel their efforts as well as deciphering actionable ways in which to successfully apply social media tools and methods to your current service projects, outreach, etc.',4,1287245400,'#bcn10save'),
	(9,'laser-target-customers-and-increase-your-revenue-without-increasing-your-costs','PANEL: Laser Target Customers and Increase Your Revenue (without increasing your costs)','Daniel Morris & Darren Crawford','Leave this session knowing how to better target your customers on line, how to reach them without spending $1 on pay-per-click, and how to capture their information so you can start building a relationship.\n\nNo longer will you be spending untrackable advertising dollars.\n\nWe\'ll show you the \"details\" in how to get in front of your customers when they\'re looking for you.',1,1287247800,NULL),
	(10,'make-your-developer-happy-not-talking-them','Information Overload - Why and how you should filter out noise to unearth relevant and meaningful information','Nate Baker & Chip Hayner','We?ll discuss theories on how to deal with information overload. This isn?t a talk just about how to filter email and google reader. It will have practical applications, but it will start by explaining why it?s vitally important that we understand what role information plays in our life. Hint: Information is not supposed to be distracting or give us a feeling we?re drowning. Here, we have a towel.\n\nNOTE: This session was previously a session on internal communication called \"Make Your Developer Happy By Not Talking To Them.\"',2,1287247800,'#bcn10besties'),
	(11,'0-2-million-page-views-10-days','0 to 2 Million Page Views in 10 Days','Chris Ennis','If you build it, they will come. Its not just a line from an 80\'s movie, the saying holds true when it comes to social and gaming apps. With social services like Twitter and Facebook, grabbing attention is easier than ever. All it takes is capitalizing on the moment and building an app that empowers users. We will discuss identifying the moment and the functionality that is missing.',3,1287247800,'#bcn10socialapps'),
	(12,'breaking-silos-blurring-lines-digital-interaction','Breaking Silos: The Blurring Lines of Digital Interaction','Justin Davis','Remember 1993? You probably had one room in the house with a computer, and using it was a special occasion of sorts. Back then, computers were part of our life, bolted on the edge like another tool in the garage. Useful, but only momentarily relevant.\n\nThat?s changed. Today, our interactions with digital technology are increasingly ubiquitous. From the time our mobile phone?s alarm goes off, to the moment we read that last tweet before going to bed, we?re plugged in all the time.',4,1287247800,'#bcn10silos'),
	(13,'becoming-irreplaceable','Becoming Irreplaceable','Lee Turley','We all have careers, even business owners. Are you being strategic with yours?\n\nWhat\'s your name? Your personal mission statement? Your brand?\n\nWhat\'s that name mean to them? Does it mean the same thing you want it to mean?\n\nHow do you consistently communicate your name/brand?',1,1287250200,'#bcn10Career'),
	(14,'panel-we-need-technology-classroom','PANEL: We Need Technology In The Classroom','Dave Delaney','A panel with expert educators who support better technology and content in the classroom.\nIt\'s time to make our schools look to the future!\n\nPanelists: Jackson Miller, Robert Bradley, Thomas Danford and Paul Van Hoesen\nModerator: Dave Delaney',2,1287250200,'#bcn10school'),
	(15,'chuck-norris-vs-mr-t-battle-armageddon-which-will-lead-fall-seo-social-content-traditional','Chuck Norris vs. Mr. T - The Battle of Armageddon which will lead to Fall of SEO, Social, Content & Traditional Marketers','James Soto','Chuck Norris vs. Mr. T - 30 Minutes of facts about the baddest B2B web marketers in the history of ever...\n\nor\n\nThe rise and fall of the modern marketing campaign and marketing warrior\n\nThe writing is on the wall, the modern marketing campaign has undergone the most significant re-engineering of its structure since the invention of the concept itself. ',3,1287250200,'#bcn10chucknorris'),
	(16,'confessions-blackberry-ios-android-user','Confessions of a Blackberry, iOS, Android User','Nicholas Holland','Remember what your parents taught you? Never talk about Religion or Politics because it always leads to an argument. Well, add Mobile Phones to that list. The iPhone has become one of the most divisive products in the history of man & its fanatical culture (both love/hate) is spilling over into other mobile platforms.\n\nDid you know that some people think they can tell a lot about a person by the phone they use? Others believe that their phone represents some deep philosophical approach to the world.',4,1287250200,NULL),
	(17,'internet-killed-video-star-depth-look-html5-video','Internet Killed the Video Star - An in-depth look at HTML5 video','Ben Wilkins','An in-depth look at HTML5\'s <video> tag, what\'s required to make it work, and how it has and will change the way video is viewed online.',1,1287252600,'#bcn10video'),
	(18,'connecting-physical-world-arduino-projects-nashville','Connecting to the Physical World: Arduino Projects in Nashville','Billy White','Arduino, the open source programmable microcontroller, breaks down the barriers to hardware creation. From blinking LED\'s to complex robotics, Arduino revolutionizes the approach and introduction to electronics. We\'ll give a brief overview of what Arduino is, how it can be used, and then show off some example projects to get the tinkerers salivating.',2,1287252600,NULL),
	(19,'look-reflection-pool','Look into the Reflection Pool!','Gavin Richardson','Nashville is blessed with talented digitally enabled people. But have you/they asked why they do all this social media mess? Well, I have asked and we will have a great time sharing stories, telling lies, goals, strategies and God willing some surprising metrics after looking at ourselves in the mirror.',3,1287252600,'#bcn10mirror'),
	(20,'11-pro-secrets-make-your-blog-smashing-success','11 Pro Secrets To Make Your Blog a Smashing Success','Erik Deckers','These are secrets that blogging agencies and professional bloggers use to gain readers, win search, and make their blogs stand out in an ever-growing field. I will be talking about 6 writing techniques that bring readers back over and over, 4 secrets to winning search for your keywords, and a bonus secret or two about how to reach more readers through social media promotion.',4,1287252600,NULL),
	(21,'respect-my-authoritah','Respect My Authoritah!','Brannan Atkinson','Authorities hold a special place in our minds. We pay more attention when an authority speaks. We look forward to their newsletters and blog posts. We want to be the first to hear what they have to say.\n\nAuthority used to be a privilege reserved for a few academics and businesspeople who wrote a best-selling books. That?s back when media was expensive and scarce.',1,1287255000,NULL),
	(22,'managing-iphone-apps-cms','Managing iPhone Apps with a CMS','Tim Moses','Just as nobody writes a blog or a CMS from scratch these days, mobile apps are the next frontier. We\'ll show the benefits of managing all content in one place, irrespective of user medium.',2,1287255000,NULL),
	(23,'power-podcasting-your-business','The Power of Podcasting For Your Business','Cliff Ravenscraft','In this session, Cliff Ravenscraft, full-time podcast producer, consultant, and coach shares how he has personally build several brands from the ground up through the use of podcasting and social media. He will also share from his experiences in helping existing businesses market their products and services through the successful launch of a podcasting and social media strategy.',3,1287255000,NULL),
	(24,'millennial-revolution-why-your-dads-management-manual-belongs-trash','The Millennial Revolution: Why Your Dad\'s Management Manual Belongs in the Trash','Travis Robertson','A lot of people think Millennials are broke, lazy, and still live at home with mom. Which is only partially true (not gonna lie - about 33% do).\n\nBut Millennials are also considered the most educated, the most technologically advanced, the most connected, and one of the most creative generations in history. However, because they don\'t \"fit\" within the traditional model of business, they\'re written off as immature. ',4,1287255000,'#bcn10GenY'),
	(25,'making-jump-wordpress-joomla-take-your-website-next-level','Making the Jump from Wordpress to Joomla: Take your website to the next level.','Tim Piazza ','Wordpress is a bicycle. Joomla is a bus. We all love Wordpress, but when your web content is more than a handful of pages, you need a solution that won\'t slow you down. Joomla is business-class content management for sites that grow with your business. This session will take you inside Joomla and explain what you need to know to make the jump to Joomla.',1,1287257400,'#bcn10joom'),
	(26,'panel-discussion-content-strategy-doesnt-suck','PANEL: Content Strategy That Doesn\'t Suck','Laura Creekmore, Brett Henley, Kidd Redd, Arienne Holland',' What is content strategy?\nHINT: Might resemble \"stuff\" on your website, blog, Twitter feed, etc.\n\nHow do you do it?\nHINT: May involve a rubber duck, paper clips and a poster of David Hasselhoff. Definitely requires a strong resistance to \"set it and forget it\" philosophies.',2,1287257400,'#bcn10content'),
	(27,'i-can-haz-free-wifi','I Can Haz Free Wifi?','Scott Kozicki','Did you know that the Nashville Technology Council offers free Wifi Internet access downtown?\n\nGreen Canopy is a project to extend that free network across a wider footprint around the city.',3,1287257400,'#bcn10WiFi'),
	(28,'time-management-how-make-everyone-think-you-own-flux-capacitor','Time Management: How to Make Everyone Think You Own A Flux Capacitor','Dani Heileman','Last night, Darth Vader came down from planet Vulcan and told me that if I didn\'t do this session he\'d melt my brain.\n\nAlways running late?\nMissing deadlines?\nCan\'t fit in all the networking?\nWish you could go 88 mph and fix it all?',4,1287257400,'#bcn10flux'),
	(29,'cya-101-how-protect-against-lawsuit-when-using-social-media','CYA 101: How to Protect Against a Lawsuit when Using Social Media','Stephen Zralek','Legal issues are often the last thing people think of when using Twitter, Facebook or blogging. They say that ignorance is bliss, but ignorance of the law is never an excuse in court.\n\nWe will explore issues that every social media user needs to know to help protect against a lawsuit, ranging from copyrights and trademarks (copying others? content, photos or logos) to fair use, privacy & terms of use, along with questions from the audience.',1,1287259800,'#bcn10Legal'),
	(30,'case-study-crowdsourced-barnraising-how-30-nashville-volunteers-launched-nonprofit','PANEL: A Case Study in Crowdsourced Barnraising: How 30 Nashville volunteers launched a nonprofit program in 24* hours','Ian Rhett','In late July, 30+ volunteers from Nashville\'s social media, design and marketing communities spent 24 hours at the first Southern Fried Social Change Design-a-thon, conceiving and developing a comprehensive marketing platform for a Nashville-based nonprofit.  In addition to naming the program (*which happened in a previous planning meeting), the volunteers created a logo, tagline, business cards and letterhead, a website, tri-fold brochure, laid out a 64 page handbook, produced a 5 minute powerpoint presentation, a 7 minute video, a marketing plan and an website owner\'s manual in one, very long day.',2,1287259800,'#bcn10.barnraising'),
	(31,'shaking-hands-chaos-death-destruction-and-creative-process','Shaking Hands with Chaos : Death, Destruction and the Creative Process','Steve Keller','The Chinese symbols for creativity and chaos are identical. Exploring the concept of chaos as a passageway to the creative process and personal growth, Keller offers insight into both the beauty and the terror that surrounds it. Attention is given to using chaos as a creative catalyst, the concept of ?planned chaos,? dealing with fear and how chaos is an inherent part of the ?process? of creativity.\n\nThis presentation is for everyone from code writers to copy writers, from designers to deal makers, from marketers to muses. If you create (and we all do), you need to prepare for the Chaos that awaits...',3,1287259800,'#bcn10Chaos'),
	(32,'how-leverage-versatility-linkedin','How To Leverage The Versatility of LinkedIn','Joel Widmer','Everyone has their reasons for that stagnant LinkedIn profile. No matter how diverse the background, they usually stem from two perspectives:\n# You sign up for LinkedIn just as you would any other social network but eventually lose interest because it\'s just not that \"social.\"\n# You don\'t pride yourself in being too socially savvy but joined LinkedIn because it\'s all business and a great place to exchange resumes. But signing up and connecting with a few people is as far as you\'ve gotten.\n# What? Your regularly use LinkedIn or you fall into another category? Let me know here!',4,1287259800,'#bcn10linkedin'),
	(33,'apple-says-yes-we-can-make-flash-apps-and-games-iphone','Apple says, \"yes we can\" make Flash apps and games for the iPhone!','Caleb Garner','Now that Apple has repealed their previously restrictive development criteria for iPhone applications, now it\'s time to put this new frontier to good use.\n\nI\'ll be discussing some of the steps to publish to the iPhone via Flash CS5 on the PC including some of the not so obvious pitfalls that go with getting certification files to work. Mac Users, you\'ll need to know the same things, but its a few steps shorter.',1,1287262200,NULL),
	(34,'entrepreneur-unpanel-4-hot-guys-underwear-talk-about-starting-business-feat-justin-davis','PANEL: The Entrepreneur UnPanel: 4 Hot Guys in Underwear Talk About Starting a Business (Feat. Justin Davis, Travis Robertson, Joel Widmer & Mitch Canter)','Justin Davis, Travis Robertson, Joel Widmer, Mitch Canter','Do you want to wake up every morning and have a 10-foot commute?\nDo you want to work in your underwear while speaking with clients?\nDo you fantasize about sitting in a coffee shop and getting paid for it?\n\nYeah. So do we.\n\nStarting a business is rough. It doesn?t matter if you want to be a freelancer or open your own agency, you?re going to face some big challenges. Business schools will teach you the fundamentals - how to write a business plan, develop a marketing strategy, and create a solid revenue model. ',2,1287262200,'#bcn10HotMen'),
	(35,'exploring-sweet-spot-geolocation-health-and-gov-data','Exploring the Sweet Spot: Geolocation, Health, and Gov-data','Lance Roggendorff ','Location based services are increasingly important, especially when it comes to accessing health information and services. Over the past year and a half, AIDS.gov, a program of the U.S. Department of Health and Human Services, Office of HIV/AIDS Policy, has been collaborating with other Federal agencies (CDC, HUD, SAMHSA, among others) to develop an HIV/AIDS prevention and service locator. This new tool combines key Federal HIV/AIDS programs such as HIV testing, mental health services, health centers, substance abuse clinics, and housing services. Each of these programs is run by a separate agency and pulls information from a wide range of sources. Beyond addressing what it took to get each agency to collaborate and push their data in a consumable format, this presentation will focus on the steps AIDS.gov took to create this locator service. We take a technical approach to discuss the GeoRSS standard, how we built the service using mostly JavaScript, and how we pushed this service to mobile, standard web, and native application platforms. We will also talk about the iterative design and development process, and we tie it all together with the big ticket: the sweet spot of location, mobile, and health. We cover it all, location, Health IT, and Gov 2.0.',3,1287262200,'#bcn10swtspt'),
	(36,'ux-ixd-ia-good-bad-better','ux, ixd, ia: good, bad, better','Laurie Kalmanson','10 sites. 10 questions per site. good, bad, better: why? how?\n\nplus yours.\n\nyou choose. we discuss.',4,1287262200,'#bcn10ux'),
	(37,'just-buy-my-damn-music-rockstar-guide-participating-social-media-without-actually-being','Just Buy My Damn Music: A Rockstar Guide To Participating in Social Media Without Actually Being Engaged.','Charles Alexander','Don\'t know a twit from a tweet? Think FaceBook is for picking out groupies? Convinced the Internet and file sharing has ruined music forever? Wish people would leave you alone and just buy your damn music?\n\nThen my friend this session is for you. Your obvious genius will be honored and validated. Your musical career will be recognized for what it is.',1,1287264600,'#bcn10damnmusic'),
	(38,'managing-seo-house-how-determine-implement-strategy-limited-resources-co-led-session','PANEL: Managing SEO In-House: How to determine & implement a strategy with limited resources (Co-led Session)','Matthew Freeman & Daxon Edwards','Do you manage the marketing for your company and know there may be opportunity with SEO? Or maybe your boss has said something like, \"I want to rank #1 for business on the Google.\"\n\nThere are over 200 factors the Google algorithm takes in to account when determining rankings...which translates into just enough rabbit trails to eat up your precious resources while never seeing a positive return on the time invested.',2,1287264600,'#bcn10seoinhouse'),
	(39,'all-about-iphone-web-apps','All about iPhone web apps','Jamin Guy','Did you know there are some cool techniques to make your mobile web app even better on the iPhone?\n\nHave a kick ass mobile web app and also want the exposure of the iTunes App store?\n\nThis session will a deep dive into how to use some simple software tricks to make your mobile web app much more compelling on the iPhone.',3,1287264600,'#bcn10iPhone'),
	(40,'natural-tension-web-development-project-management-aka-make-your-dev-clients-happeh','PANEL: Natural Tension: Web Development Project Management (aka: Make your dev & clients happeh!)','Erin Cubert','Do you constantly fight and push back on the developers in your team, saying that clients need \"X, Y & Z\"? Is your project constantly the recipient of scope creep and project bloat? Is your client always pissed off because you can\'t deliver what you told them you\'d deliver?\n\nYou and your developer probably don\'t trust each other enough. And for a project to be successful, and for a client and user to be happy, trust is paramount!',4,1287264600,'#bcn10PM'),
	(41,'invading-your-privacy-fun-and-profit','Invading your Privacy for Fun and Profit','Jay Graves','Everyone talks about privacy in the age of the web but database marketing has existed forever. Learn the basic tenants of how to mine data (with real SQL) and you too can join this fabulous and glamorous world (okay, not so glamorous).\n\nYou will also learn how the real scumbags use the same data for dark purposes - and what you can do to protect yourself (hint, it is not what you think).',1,1287267000,NULL),
	(42,'panel-master-storytelling-money-shot','PANEL: Master the Storytelling Money Shot','Arienne Holland, Courtney Seiter, Kidd Redd, Brett Henley','Case Study No. 1:\nBoy meets girl.\nBoy asks girl her sign.\nBoy strikes out.\n\nCase Study No. 2:\nBoy meets girl.\nBoy tells girl a cute story about his rescue dog.\nBoy gets to buy girl a drink.',2,1287267000,'#bcn10story'),
	(43,'its-mad-mad-mobile-mobile-world','It\'s a Mad, Mad, Mobile, Mobile World!','Bayard Saunders','Planning for mobile in your media mix? How do you budget for mobile? What analytics are available? What creative works best for mobile formats? What are the options besides apps, banners on mobile sites, ads in apps and SMS message schemes? What are the most effective ways to integrate mobile, social and online? Yes, yes, plenty of practical answers... So get in here!!!',3,1287267000,'#bcn10mobile'),
	(44,'how-use-wordpress-d-near-anything-updated-30','How to use WordPress for D*@& Near Anything - Updated for 3.0','Mitch Canter','WordPress is always known as the end-all be all of blogging systems. Many enterprise systems utilize WordPress, but how can you, the average joe, get the most out of WordPress? Can WordPress really do anything you throw at it?\n\nHeck yeah it can!',4,1287267000,'#bcn10wpanything'),
	(45,'your-head-hunter-and-you-getting-most-out-getting-job','Your head hunter and you. Getting the most out of getting a job.','Chris McPherson','If you\'re a professional consultant or planning to become one, more than likely you\'ll be taking advantage of staffing companies and their recruiters to find work. Particularly for first timers, this can be an intimidating, frustrating and uninspiring experience.\n\nIn this session I\'ll share some of my experiences as an independant consultant and the secrets I\'ve learned over the years that will help you manage your career and make the most of your relationship with your recruiter.',1,1287269400,'#bcn10HeadHunt'),
	(46,'panel-marketing-douchebags-seo-social-and-beyond','PANEL: Marketing Douchebags; SEO, Social, and Beyond','Joey Strawn, John W Ellis, Nicholas Holland, Scott Gordon','This panel discussion will bring together Nashville area minds to discuss, what else, douchebags. From an SEO and Social Media mindset, is it true nice guys finish last? Can you be nice, open and share with others, and still make a profit? ',2,1287269400,'#bardouche10'),
	(47,'get-it-done-%C2%A03-simple-strategies-will-make-you-more-effective-anything-guaranteed','Get it done!  3 simple strategies that will make you more effective at anything. Guaranteed.','Ian Rhett','For go-getters, movers, shakers, dreamers, do-gooders, planners, idealists or anyone who wants to GET IT DONE (whatever \"it\" is), this session is designed to deliver communication strategies that will make you more effective at anything you choose to do that involves working with other people. And let\'s face it - NOTHING really happens in the world without the cooperation and coordinated effort of human beings.\n\nDrawing on years of experience in community organizing, corporate leadership and event planning, Ian Rhett will give you three tools that you can use for any project or interaction that will help keep your vision present while allowing others to participate and contribute to bringing your idea to life. These tools can be used on any size or scale of project, from planning a luncheon to launching a business.',3,1287269400,'#bcn10.getitdone'),
	(48,'javascript-facebook','Javascript at Facebook','Jackson Gabbard','After leaving Echomusic in Nashville to become a User Interface Engineer at Facebook, I\'ve learned a lot about how to do things in performant and scalable ways. JavaScript is an especially tricky part of the front-end equation, so I would like to share with Nashville some of the methods and relative secrets of how Facebook keeps its site fast.',4,1287269400,'#bcn10jsfb');

/*!40000 ALTER TABLE `sessions` ENABLE KEYS */;
UNLOCK TABLES;


# Dump of table users
# ------------------------------------------------------------

DROP TABLE IF EXISTS `users`;

CREATE TABLE `users` (
  `id` int(11) NOT NULL auto_increment,
  `user_id` int(11) default NULL,
  `screen_name` varchar(20) default NULL,
  `name` varchar(60) default NULL,
  `datetime` int(11) default NULL,
  `access_token` varchar(60) default NULL,
  `access_token_secret` varchar(60) default NULL,
  `phone` varchar(20) default NULL,
  `verified` tinyint(4) default '0',
  `follow` int(11) default '0',
  PRIMARY KEY  (`id`),
  UNIQUE KEY `ix_user_id` (`user_id`),
  KEY `ix_screen_name` (`screen_name`)
) ENGINE=MyISAM DEFAULT CHARSET=latin1;

LOCK TABLES `users` WRITE;
/*!40000 ALTER TABLE `users` DISABLE KEYS */;

INSERT INTO `users` (`id`, `user_id`, `screen_name`, `name`, `datetime`, `access_token`, `access_token_secret`, `phone`, `verified`, `follow`)
VALUES
	(8,779451,'davedelaney',NULL,NULL,NULL,NULL,'615-957-4461',1,1),
	(9,28756617,'musiccharles',NULL,NULL,NULL,NULL,NULL,0,0),
	(13,9813262,'BlakeAllen',NULL,NULL,NULL,NULL,NULL,0,0),
	(14,30459415,'moredavid',NULL,NULL,NULL,NULL,NULL,0,0),
	(15,97457777,'brannanatkinson',NULL,NULL,NULL,NULL,NULL,0,0),
	(16,15377313,'jerryb8ker',NULL,NULL,NULL,NULL,NULL,0,0),
	(17,10595852,'nathantbaker',NULL,NULL,NULL,NULL,'615-714-2380',1,1),
	(18,160618095,'iloomin',NULL,NULL,NULL,NULL,NULL,0,0),
	(19,89547663,'bigd8a',NULL,NULL,NULL,NULL,NULL,0,0),
	(20,2139061,'inrebasworld',NULL,NULL,NULL,NULL,'615-557-8782',1,1),
	(21,8740962,'StacyDawn',NULL,NULL,NULL,NULL,NULL,0,0),
	(22,90943495,'BeckysGraphicD',NULL,NULL,NULL,NULL,'315-254-4983',1,1),
	(23,92812165,'tennredsoxfan',NULL,NULL,NULL,NULL,'615-788-1123',1,1),
	(24,14056286,'iBelin',NULL,NULL,NULL,NULL,NULL,0,0),
	(25,16063841,'coach_bell',NULL,NULL,NULL,NULL,NULL,0,0),
	(26,34720903,'MichelleBerkey',NULL,NULL,NULL,NULL,NULL,0,0),
	(27,5634342,'mdave',NULL,NULL,NULL,NULL,'615-479-3399',1,1),
	(28,11176372,'bradblackman',NULL,NULL,NULL,NULL,NULL,0,1),
	(29,6584642,'HealthITexec',NULL,NULL,NULL,NULL,NULL,0,0),
	(30,15426887,'jobrad',NULL,NULL,NULL,NULL,NULL,0,0),
	(31,15964924,'SamBradleyTN',NULL,NULL,NULL,NULL,NULL,0,0),
	(32,52136552,'NicoleBranigan',NULL,NULL,NULL,NULL,NULL,0,0),
	(33,90458562,'palaverrecords',NULL,NULL,NULL,NULL,NULL,0,0),
	(34,10067312,'rbright',NULL,NULL,NULL,NULL,NULL,0,0),
	(35,15998219,'THEjeffbrown',NULL,NULL,NULL,NULL,NULL,0,0),
	(36,10019542,'chuckbryant',NULL,NULL,NULL,NULL,NULL,0,1),
	(37,30951753,'bunchjesse',NULL,NULL,NULL,NULL,NULL,0,0),
	(38,16425439,'hburchfield',NULL,NULL,NULL,NULL,NULL,0,0),
	(39,43195221,'aldermanburger',NULL,NULL,NULL,NULL,NULL,0,0),
	(40,89729300,'amyburrISM',NULL,NULL,NULL,NULL,NULL,0,0),
	(41,14243808,'johncade',NULL,NULL,NULL,NULL,NULL,0,0),
	(42,21654223,'tysoncadenhead',NULL,NULL,NULL,NULL,NULL,0,0),
	(43,48173718,'joshuacamp',NULL,NULL,NULL,NULL,NULL,0,0),
	(44,10956962,'studionashvegas',NULL,NULL,NULL,NULL,NULL,0,1),
	(45,5693322,'justmalia',NULL,NULL,NULL,NULL,NULL,0,0),
	(46,14422665,'mattcarlisle',NULL,NULL,NULL,NULL,NULL,0,0),
	(47,21631335,'sschandler',NULL,NULL,NULL,NULL,'615-498-8313',0,1),
	(48,16954483,'TedChapin',NULL,NULL,NULL,NULL,NULL,0,0),
	(49,14511908,'tched',NULL,NULL,NULL,NULL,NULL,0,0),
	(50,15816137,'chouanard',NULL,NULL,NULL,NULL,NULL,0,0),
	(51,14316317,'CristinaCinque',NULL,NULL,NULL,NULL,NULL,0,0),
	(52,14092472,'mollymcdeath',NULL,NULL,NULL,NULL,NULL,0,0),
	(53,16532856,'TylerLClark',NULL,NULL,NULL,NULL,NULL,0,0),
	(54,25343483,'lauraclick',NULL,NULL,NULL,NULL,NULL,0,1),
	(55,768242,'sleepydad',NULL,NULL,NULL,NULL,'615-243-4400',1,1),
	(56,1336811,'philcobizzle',NULL,NULL,NULL,NULL,NULL,0,0),
	(57,5781162,'joshcole',NULL,NULL,NULL,NULL,NULL,0,0),
	(58,97508077,'NashvilleBrian',NULL,NULL,NULL,NULL,NULL,0,0),
	(59,15035232,'sarasally',NULL,NULL,NULL,NULL,NULL,0,0),
	(60,56560519,'digitalherogame',NULL,NULL,NULL,NULL,NULL,0,0),
	(61,60727292,'JuliaThinks',NULL,NULL,NULL,NULL,NULL,0,0),
	(62,54137641,'Cosminsky',NULL,NULL,NULL,NULL,NULL,0,0),
	(63,16844716,'dbcotton',NULL,NULL,NULL,NULL,NULL,0,0),
	(64,67601513,'matthewcramer',NULL,NULL,NULL,NULL,NULL,0,0),
	(65,18076814,'darrencrawford',NULL,NULL,NULL,NULL,NULL,0,0),
	(66,39584509,'JasonTech',NULL,NULL,NULL,NULL,NULL,0,0),
	(67,40135828,'crecraftdigital',NULL,NULL,NULL,NULL,NULL,0,0),
	(68,834021,'lauracreekmore',NULL,NULL,NULL,NULL,NULL,0,0),
	(69,26797229,'crossga',NULL,NULL,NULL,NULL,NULL,0,0),
	(70,7322532,'erincubert',NULL,NULL,NULL,NULL,NULL,0,1),
	(71,14205915,'walrusoct9',NULL,NULL,NULL,NULL,NULL,0,0),
	(72,32892677,'tdanford',NULL,NULL,NULL,NULL,NULL,0,0),
	(73,15660428,'dargavell',NULL,NULL,NULL,NULL,NULL,0,1),
	(74,17583467,'danrmorris',NULL,NULL,NULL,NULL,NULL,0,0),
	(75,15256082,'nstig8er',NULL,NULL,NULL,NULL,NULL,0,0),
	(76,9752432,'samdavidson',NULL,NULL,NULL,NULL,NULL,0,0),
	(77,17899464,'iDesignInc',NULL,NULL,NULL,NULL,NULL,0,0),
	(78,1668721,'jwd2a',NULL,NULL,NULL,NULL,NULL,0,1),
	(79,16124837,'AmyPredsfan',NULL,NULL,NULL,NULL,NULL,0,1),
	(80,11417322,'edeckers',NULL,NULL,NULL,NULL,NULL,0,0),
	(81,39585578,'VisiStat1',NULL,NULL,NULL,NULL,NULL,0,0),
	(82,10290952,'abe238',NULL,NULL,NULL,NULL,NULL,0,1),
	(83,15918939,'bdill',NULL,NULL,NULL,NULL,NULL,0,0),
	(84,14960379,'stevemdowney',NULL,NULL,NULL,NULL,NULL,0,1),
	(85,14588847,'jdunham',NULL,NULL,NULL,NULL,NULL,0,0),
	(86,15715765,'aduthie',NULL,NULL,NULL,NULL,NULL,0,0),
	(87,31452331,'daxonedwards',NULL,NULL,NULL,NULL,'615-400-2064',1,1),
	(88,8269092,'JohnWEllis',NULL,NULL,NULL,NULL,'615-866-5545',1,1),
	(89,14070091,'ElizabethElmore',NULL,NULL,NULL,NULL,NULL,0,0),
	(90,15176637,'DonEngland',NULL,NULL,NULL,NULL,NULL,0,1),
	(91,12767912,'chrisennis',NULL,NULL,NULL,NULL,'615-364-8615',1,1),
	(92,122258912,'thekompanee',NULL,NULL,NULL,NULL,NULL,0,0),
	(93,15868331,'KentFlanagan',NULL,NULL,NULL,NULL,NULL,0,0),
	(94,70570219,'MusicCityGuru',NULL,NULL,NULL,NULL,NULL,0,0),
	(95,17467818,'dylanfogle',NULL,NULL,NULL,NULL,NULL,0,0),
	(96,19185315,'stev3ford',NULL,NULL,NULL,NULL,NULL,0,0),
	(97,59225087,'natcheztracebb',NULL,NULL,NULL,NULL,NULL,0,0),
	(98,28744381,'NashvilleSEO',NULL,NULL,NULL,NULL,NULL,0,0),
	(99,16370082,'jfurtado',NULL,NULL,NULL,NULL,NULL,0,0),
	(100,8982162,'cgallent',NULL,NULL,NULL,NULL,NULL,0,0),
	(101,8833492,'part12studios',NULL,NULL,NULL,NULL,NULL,0,0),
	(102,14148357,'maynardgarrett',NULL,NULL,NULL,NULL,NULL,0,1),
	(103,153126362,'ErikaGay',NULL,NULL,NULL,NULL,NULL,0,1),
	(104,18297754,'danrawk',NULL,NULL,NULL,NULL,NULL,0,0),
	(105,16072540,'hstrykid',NULL,NULL,NULL,NULL,NULL,0,0),
	(106,125136781,'tnbuylocal',NULL,NULL,NULL,NULL,NULL,0,0),
	(107,6086812,'binarydud',NULL,NULL,NULL,NULL,NULL,0,0),
	(108,6700852,'dgirardier',NULL,NULL,NULL,NULL,NULL,0,0),
	(109,13127032,'sgordon70',NULL,NULL,NULL,NULL,NULL,0,0),
	(110,32499262,'AvatarJohn',NULL,NULL,NULL,NULL,NULL,0,0),
	(111,10467232,'allballbearings',NULL,NULL,NULL,NULL,NULL,0,0),
	(112,16189608,'kategreene',NULL,NULL,NULL,NULL,NULL,0,1),
	(113,15268149,'briangreen_76',NULL,NULL,NULL,NULL,NULL,0,1),
	(114,48402982,'iRestore',NULL,NULL,NULL,NULL,NULL,0,0),
	(115,17389007,'billgriggs',NULL,NULL,NULL,NULL,NULL,0,0),
	(116,44918071,'3n1media',NULL,NULL,NULL,NULL,NULL,0,0),
	(117,23308678,'johnharing',NULL,NULL,NULL,NULL,NULL,0,0),
	(118,19201163,'harshmedia',NULL,NULL,NULL,NULL,NULL,0,0),
	(119,24778847,'theronhatch',NULL,NULL,NULL,NULL,NULL,0,0),
	(121,2255,'chayner',NULL,NULL,NULL,NULL,NULL,0,0),
	(122,19405164,'bradhaynes',NULL,NULL,NULL,NULL,NULL,0,0),
	(123,16942085,'LMooreMartin',NULL,NULL,NULL,NULL,NULL,0,0),
	(124,43382186,'chaoskitten82',NULL,NULL,NULL,NULL,NULL,0,1),
	(125,13568052,'bighowdy',NULL,NULL,NULL,NULL,NULL,0,0),
	(126,14835049,'tuneinlucas',NULL,NULL,NULL,NULL,NULL,0,1),
	(127,10287682,'calvinhp',NULL,NULL,NULL,NULL,NULL,0,0),
	(128,17240029,'bretthenley',NULL,NULL,NULL,NULL,NULL,0,0),
	(129,14347022,'vc27',NULL,NULL,NULL,NULL,NULL,0,0),
	(130,16381016,'Forechecker',NULL,NULL,NULL,NULL,NULL,0,0),
	(131,82620692,'jackiehogencamp',NULL,NULL,NULL,NULL,NULL,0,0),
	(132,172055179,'ravenarienne',NULL,NULL,NULL,NULL,NULL,0,0),
	(133,15672663,'nicholasholland',NULL,NULL,NULL,NULL,NULL,0,0),
	(134,616433,'holloway',NULL,NULL,NULL,NULL,NULL,0,0),
	(135,15615201,'bugsact',NULL,NULL,NULL,NULL,NULL,0,0),
	(136,14464655,'davidhooper',NULL,NULL,NULL,NULL,NULL,0,0),
	(137,8245052,'shotgunconcepts',NULL,NULL,NULL,NULL,NULL,0,0),
	(138,99177659,'ahsodesigns',NULL,NULL,NULL,NULL,NULL,0,0),
	(139,97232211,'SignalNashville',NULL,NULL,NULL,NULL,NULL,0,0),
	(140,87498073,'kaileyhussey',NULL,NULL,NULL,NULL,NULL,0,0),
	(141,19723017,'lawschooltech',NULL,NULL,NULL,NULL,NULL,0,0),
	(142,32441884,'bradjanke',NULL,NULL,NULL,NULL,NULL,0,0),
	(143,59847834,'jans_insurance',NULL,NULL,NULL,NULL,NULL,0,0),
	(144,77057716,'mepragency',NULL,NULL,NULL,NULL,NULL,0,0),
	(145,7941142,'attheshow',NULL,NULL,NULL,NULL,NULL,0,0),
	(146,16322274,'lorij_va',NULL,NULL,NULL,NULL,NULL,0,0),
	(147,15723455,'k8gallagher',NULL,NULL,NULL,NULL,NULL,0,0),
	(148,14750703,'virtualcfo',NULL,NULL,NULL,NULL,NULL,0,0),
	(149,14971868,'lauriekalmanson',NULL,NULL,NULL,NULL,NULL,0,1),
	(151,19352207,'jakerella',NULL,NULL,NULL,NULL,NULL,0,1),
	(152,7153062,'lizziekeiper',NULL,NULL,NULL,NULL,NULL,0,1),
	(153,42716984,'ivgroup',NULL,NULL,NULL,NULL,NULL,0,0),
	(154,16378481,'jonathanwkelly',NULL,NULL,NULL,NULL,NULL,0,0),
	(155,145930577,'standwithmatt',NULL,NULL,NULL,NULL,NULL,0,0),
	(156,22185176,'teknetexceo',NULL,NULL,NULL,NULL,NULL,0,0),
	(157,14357363,'gainesk',NULL,NULL,NULL,NULL,NULL,0,0),
	(158,14294374,'joshkersey',NULL,NULL,NULL,NULL,NULL,0,0),
	(159,6080822,'dcmusicfusion',NULL,NULL,NULL,NULL,NULL,0,1),
	(160,6585902,'katsuzak',NULL,NULL,NULL,NULL,NULL,0,0),
	(161,737893,'joekirk',NULL,NULL,NULL,NULL,NULL,0,0),
	(162,16349863,'luckynickle',NULL,NULL,NULL,NULL,NULL,0,1),
	(163,8270332,'ThatScottGuy',NULL,NULL,NULL,NULL,NULL,0,0),
	(164,14552946,'kristofcreative',NULL,NULL,NULL,NULL,NULL,0,0),
	(165,64057035,'paulylacosta',NULL,NULL,NULL,NULL,NULL,0,0),
	(166,16133308,'ProPools',NULL,NULL,NULL,NULL,NULL,0,0),
	(167,17081348,'joeylasalle',NULL,NULL,NULL,NULL,NULL,0,1),
	(168,20828551,'samelawrence',NULL,NULL,NULL,NULL,NULL,0,0),
	(169,39539952,'ronledford_cpa',NULL,NULL,NULL,NULL,'615-255-4737',1,1),
	(170,14361342,'JeffLee',NULL,NULL,NULL,NULL,NULL,0,1),
	(171,15694723,'bebopalicious',NULL,NULL,NULL,NULL,'615-457-4983',1,1),
	(173,96124336,'renaissancecomm',NULL,NULL,NULL,NULL,NULL,0,0),
	(174,76401454,'msspianoplaya',NULL,NULL,NULL,NULL,NULL,0,0),
	(175,752103,'friedapplepie',NULL,NULL,NULL,NULL,NULL,0,0),
	(176,23102294,'MackeyLeah',NULL,NULL,NULL,NULL,'502-608-7997',1,1),
	(177,11270662,'phillipmaddox',NULL,NULL,NULL,NULL,NULL,0,0),
	(178,13225162,'kevinmason',NULL,NULL,NULL,NULL,NULL,0,0),
	(179,137717794,'Jane_Massey',NULL,NULL,NULL,NULL,NULL,0,0),
	(180,627463,'jmathias',NULL,NULL,NULL,NULL,NULL,0,0),
	(181,123963067,'bradtnw',NULL,NULL,NULL,NULL,NULL,0,0),
	(182,17123268,'nashvilletech',NULL,NULL,NULL,NULL,NULL,0,0),
	(183,3366721,'theferf',NULL,NULL,NULL,NULL,NULL,0,0),
	(184,5869092,'chrismclaurin',NULL,NULL,NULL,NULL,NULL,0,0),
	(185,6117182,'museofmine',NULL,NULL,NULL,NULL,NULL,0,0),
	(186,15837326,'cmcpherson',NULL,NULL,NULL,NULL,NULL,0,0),
	(187,10859562,'_13apples_',NULL,NULL,NULL,NULL,'615-243-0174',1,1),
	(188,8226902,'tmgstudio',NULL,NULL,NULL,NULL,NULL,0,0),
	(189,6682712,'jeremiahx',NULL,NULL,NULL,NULL,NULL,0,0),
	(190,14772891,'jasonRmoore',NULL,NULL,NULL,NULL,NULL,0,0),
	(191,41622845,'@rodwrites',NULL,NULL,NULL,NULL,NULL,0,0),
	(192,14354902,'melaniemoran',NULL,NULL,NULL,NULL,NULL,0,0),
	(193,137196736,'clay_morgan',NULL,NULL,NULL,NULL,NULL,0,0),
	(194,34291666,'meganemorris',NULL,NULL,NULL,NULL,NULL,0,0),
	(195,16857213,'nashvilleben',NULL,NULL,NULL,NULL,NULL,0,0),
	(196,13689902,'elinmulron',NULL,NULL,NULL,NULL,NULL,0,0),
	(197,21810247,'spectaprod',NULL,NULL,NULL,NULL,NULL,0,0),
	(198,5454322,'jmuspratt',NULL,NULL,NULL,NULL,NULL,0,0),
	(199,6827702,'acnatta',NULL,NULL,NULL,NULL,NULL,0,0),
	(200,159502072,'ericnear',NULL,NULL,NULL,NULL,NULL,0,1),
	(201,20742148,'ctnelson',NULL,NULL,NULL,NULL,NULL,0,1),
	(202,14745350,'phyllisnichols',NULL,NULL,NULL,NULL,NULL,0,0),
	(203,668563,'kateo',NULL,NULL,NULL,NULL,NULL,0,1),
	(204,14551385,'joshtheoak',NULL,NULL,NULL,NULL,NULL,0,0),
	(205,16880365,'kevshots',NULL,NULL,NULL,NULL,NULL,0,0),
	(206,16131149,'kittywink',NULL,NULL,NULL,NULL,NULL,0,0),
	(207,51226995,'morphicMedia',NULL,NULL,NULL,NULL,NULL,0,0),
	(208,12557882,'meganpacella',NULL,NULL,NULL,NULL,NULL,0,0),
	(209,17518419,'chasepattison',NULL,NULL,NULL,NULL,NULL,0,0),
	(210,14192200,'phillipsjm',NULL,NULL,NULL,NULL,NULL,0,0),
	(211,14229559,'timpiazza',NULL,NULL,NULL,NULL,NULL,0,0),
	(212,15214700,'JohnPisciotta',NULL,NULL,NULL,NULL,NULL,0,0),
	(213,41372545,'lprieskorn',NULL,NULL,NULL,NULL,NULL,0,0),
	(214,10997172,'brianhprince',NULL,NULL,NULL,NULL,NULL,0,0),
	(215,20983874,'sallaboutme',NULL,NULL,NULL,NULL,NULL,0,0),
	(216,780641,'gspn',NULL,NULL,NULL,NULL,NULL,0,0),
	(217,2028741,'kiddredd',NULL,NULL,NULL,NULL,NULL,0,0),
	(218,14716390,'timreynolds',NULL,NULL,NULL,NULL,NULL,0,0),
	(219,26745221,'VinnyRibas',NULL,NULL,NULL,NULL,NULL,0,0),
	(220,8269332,'gavoweb',NULL,NULL,NULL,NULL,'615-497-2823',1,1),
	(221,21406931,'chrisriesgo',NULL,NULL,NULL,NULL,NULL,0,1),
	(222,15012307,'travisroberts',NULL,NULL,NULL,NULL,NULL,0,0),
	(223,15220790,'southerngamer',NULL,NULL,NULL,NULL,NULL,0,0),
	(224,4278151,'travisro',NULL,NULL,NULL,NULL,NULL,0,1),
	(225,57784360,'Ja_ke_',NULL,NULL,NULL,NULL,'615-424-5817',1,1),
	(226,55010774,'courtenayrogers',NULL,NULL,NULL,NULL,NULL,0,1),
	(227,17926353,'Primarily_Rye',NULL,NULL,NULL,NULL,NULL,0,0),
	(228,12921162,'lroggendorff',NULL,NULL,NULL,NULL,NULL,0,1),
	(230,16029179,'miiacom',NULL,NULL,NULL,NULL,'619-246-6124',1,1),
	(231,14706185,'jscheel',NULL,NULL,NULL,NULL,NULL,0,0),
	(232,17237690,'JeffSchuette',NULL,NULL,NULL,NULL,NULL,0,0),
	(233,809600,'billseaver',NULL,NULL,NULL,NULL,NULL,0,1),
	(234,87019231,'ashleysegroves',NULL,NULL,NULL,NULL,'615-243-6642',1,1),
	(235,17761963,'courtneyseiter',NULL,NULL,NULL,NULL,NULL,0,1),
	(236,15224775,'GeorgeSibble',NULL,NULL,NULL,NULL,NULL,0,0),
	(237,73446975,'kennysilva',NULL,NULL,NULL,NULL,NULL,0,1),
	(238,34355079,'u2tributeband',NULL,NULL,NULL,NULL,NULL,0,0),
	(239,20874573,'jsims44',NULL,NULL,NULL,NULL,NULL,0,0),
	(240,6771592,'willsloan',NULL,NULL,NULL,NULL,NULL,0,0),
	(241,18224374,'lesleyrebecca',NULL,NULL,NULL,NULL,NULL,0,0),
	(242,18559291,'MyWerx',NULL,NULL,NULL,NULL,NULL,0,0),
	(243,9368242,'metonymy4sale',NULL,NULL,NULL,NULL,NULL,0,0),
	(244,127527795,'baconkisses',NULL,NULL,NULL,NULL,NULL,0,0),
	(245,165783838,'SterlingVideo',NULL,NULL,NULL,NULL,NULL,0,0),
	(246,14900478,'TigerCEO',NULL,NULL,NULL,NULL,NULL,0,0),
	(247,18612282,'jennstonel',NULL,NULL,NULL,NULL,NULL,0,0),
	(248,17839777,'bobstrac',NULL,NULL,NULL,NULL,NULL,0,0),
	(249,14062752,'joey_strawn',NULL,NULL,NULL,NULL,NULL,0,1),
	(250,15728745,'michaelsummar',NULL,NULL,NULL,NULL,NULL,0,0),
	(251,20952705,'NashvilleDebbi',NULL,NULL,NULL,NULL,NULL,0,0),
	(252,19572909,'ChrisGTaylor',NULL,NULL,NULL,NULL,NULL,0,0),
	(253,14270091,'lynnterry',NULL,NULL,NULL,NULL,NULL,0,0),
	(254,81429404,'DeadAirD',NULL,NULL,NULL,NULL,NULL,0,0),
	(255,14068964,'kevin_thompson',NULL,NULL,NULL,NULL,NULL,0,0),
	(256,5355142,'lacylouwho',NULL,NULL,NULL,NULL,NULL,0,0),
	(257,8363712,'digitalblender',NULL,NULL,NULL,NULL,NULL,0,1),
	(258,15068990,'jameytucker',NULL,NULL,NULL,NULL,NULL,0,0),
	(259,84513703,'leegturley',NULL,NULL,NULL,NULL,NULL,0,0),
	(260,36482673,'scholarshipman',NULL,NULL,NULL,NULL,NULL,0,0),
	(261,110883468,'tutzig',NULL,NULL,NULL,NULL,NULL,0,0),
	(262,10079312,'ryanvanhoozer',NULL,NULL,NULL,NULL,NULL,0,1),
	(263,14293371,'nvanreece',NULL,NULL,NULL,NULL,'615-830-8158',1,1),
	(264,16860768,'thomasruns',NULL,NULL,NULL,NULL,NULL,0,1),
	(265,157342488,'heyhelloband',NULL,NULL,NULL,NULL,NULL,0,0),
	(266,50086711,'aristoworks',NULL,NULL,NULL,NULL,NULL,0,0),
	(267,24212743,'matt_watkins_',NULL,NULL,NULL,NULL,NULL,0,0),
	(268,6571622,'gphat',NULL,NULL,NULL,NULL,NULL,0,0),
	(269,16847294,'amberweinberg',NULL,NULL,NULL,NULL,NULL,0,0),
	(270,56112874,'alisawelch',NULL,NULL,NULL,NULL,NULL,0,0),
	(271,18804654,'wellerco',NULL,NULL,NULL,NULL,NULL,0,0),
	(272,9481362,'billywhite4',NULL,NULL,NULL,NULL,NULL,0,1),
	(273,22976382,'teresawhite',NULL,NULL,NULL,NULL,NULL,0,0),
	(274,13826812,'jwidmer',NULL,NULL,NULL,NULL,NULL,0,0),
	(275,16868914,'benwilkins',NULL,NULL,NULL,NULL,NULL,0,1),
	(276,2598511,'tupelorob',NULL,NULL,NULL,NULL,NULL,0,0),
	(277,143212240,'nashvideoseo',NULL,NULL,NULL,NULL,NULL,0,0),
	(278,41848343,'rawingfield',NULL,NULL,NULL,NULL,NULL,0,0),
	(279,70794718,'jessicamwinn',NULL,NULL,NULL,NULL,NULL,0,0),
	(280,16879256,'benwolf',NULL,NULL,NULL,NULL,NULL,0,1),
	(281,17908993,'marcawolfe',NULL,NULL,NULL,NULL,NULL,0,0),
	(282,33777351,'BeccaWolford',NULL,NULL,NULL,NULL,NULL,0,0),
	(283,5395832,'WonderDawg777',NULL,NULL,NULL,NULL,NULL,0,1),
	(284,18182784,'kelseywynns',NULL,NULL,NULL,NULL,NULL,0,0),
	(285,58990071,'NickYaeger',NULL,NULL,NULL,NULL,NULL,0,0),
	(286,20330193,'stephenyeargin',NULL,NULL,NULL,NULL,NULL,0,0),
	(287,15895836,'intprokristie',NULL,NULL,NULL,NULL,NULL,0,0),
	(288,65788409,'StephenZralek',NULL,NULL,NULL,NULL,NULL,0,0),
	(289,11621352,'morganplex',NULL,NULL,NULL,NULL,NULL,0,0),
	(290,199846770,'bcnsocial','bcnsocial',1286524384,'199846770-weiZdubjezJkaHM26LQiTgHQyxPyj0yiY5ScDTAa','MYzIXnw8xM6HxQSu2O6uClgDTYJ2zSgrPxaZfE4x80',NULL,0,1),
	(294,182960375,'dotrage','Chris Ennis',1286769397,'182960375-tBbzkYYaqnFdr69j9S9wz59suQAY9Jig7QCKcMuG','S8PmkEux3Fas97I0yS4V07nizwkiAEvnYShPy54',NULL,0,1),
	(295,15237957,'grottfather','Big PaPa',1286832481,'15237957-7QMRX9q0Jn7O5B0JkBzJ4SvVgxixDlhjQROFJtM','kNGDBh0e2uK0BCQldIZ9oITiMzIoM6WwbTWZ2w',NULL,0,1),
	(296,6483482,'red_shamrock','Shannon',1286833799,'6483482-3f2kuKmCVL1ufdUZ8FzzkgB5sXg9pjJN3jy5LeOW4','hFeXm9FDlUF1lDRDL7sDlrwsZo0dITq5wz6MLT0tg',NULL,0,1),
	(297,0,'','',1286838314,'','',NULL,0,1),
	(298,1593,'fishwreck','Chuck',1286838534,'1593-36ULi1aUbhT2QnhPD7B4y5lrr5evs1gPE9lp8sntI','N97Z9cwYLSqKkDIORbOMin5DlTkhL170HNdykma4',NULL,0,1),
	(299,11055372,'jaminguy','Jamin Guy',1286842165,'11055372-et7YmYl6V7nXa7Fgti8pa6JDq42osI5ZAhM0JIoUc','O5EvooYeHYeIib5ETQLO0fpqVIR8zFYbZ5qWBdj7Ks',NULL,0,1),
	(300,16841746,'k_swan','Kevin Swanson',1286843516,'16841746-7DGzSd00hM013Mn6IaUN6Q05WGF2xouDRlVmrXnAo','MnGq1suRvyQnRn3cFqFMvtT5grIXKjgfGqu65X52Dg',NULL,0,1),
	(301,16841790,'toddmccalla','toddmccalla',1286897046,'16841790-ATTceO024P3M54FHNGV6nmke9Jy7LLUgS31ELJTCY','El5rGlEBivX4WWY39yJhAxCJJXrSYmq6vDlOYQMuiA',NULL,0,1),
	(302,142270889,'VincentJHarris','Vincent Harris',1286912343,'142270889-Q0w9FDD2mgfA1myBl8ZEVrAPcvVXAFsp85CfaGqH','bYdhZgMjm85Af2LLzkdp4uRbNtmGRMD9Xhc1SI5JOg',NULL,0,1),
	(303,6733392,'adamauden','Adam Auden',1286918727,'6733392-PEOWriElSwgqU4ZbL5tWGzwZ2Di7oY9oInI14llo','6KYkV1j85sdqzdsO0nWUK1jpv1eDQVuDcJWr3EdS8',NULL,0,1),
	(304,22849294,'BrianCoxTN','Brian Cox',1286921978,'22849294-exPDnSMrcP0cLLTPoP61L3BzfLXDsRZbVluoDi58','pInFIWVHBGUj8Y4u9HI41zCOlvy71zByDxIPbi7OF8',NULL,0,1),
	(305,103162689,'realityshifthd','Cassandra Colley',1286940856,'103162689-uWtJXDc0QUo9411CDcLp6zaBT8wPnLi907B2kI3E','9tCO1zzTxktRcFaf74ynkpXnt7dAMg59vsSDqb8',NULL,0,1),
	(306,19296198,'marybreen','mary breen',1286982990,'19296198-TTNqZFVfvpFJuOaTXRyOIxhM3piBOzaXoFcO4dwc0','wzdo6G5uv5OvuMafDqGUjSwOr9mpvh5VFyXqxOvs',NULL,0,1),
	(307,60697528,'thedavechannel','dave smith',1286985010,'60697528-npaogxGNMqE19eSdYGHAT9gl3oWcRtqN7ihucqBvQ','7NnMZEq8sWM0nrq1WrpDyw9SVLcFqIORsvE9xpjJDo',NULL,0,1),
	(308,41653400,'BZSusie','Susie Richards',1286990181,'41653400-TJcNxbwYkjQU9wjJK3ZKXC9LBDiNvaKGpqglZnMQs','7TAfhGFNDGK5KyDzCZD5wCLuwmntuBohEpZvg367Cg',NULL,0,1),
	(309,15812767,'freddiebtv','Freddie B!!!',1287009391,'15812767-N2KBTXhoijyf92SrI46YEiRXVFJaKrKJoC6K6JQBw','WpeckOJSdR10npjLFT6VY9P9tdYBrnYJuNquOX20aDc','615-500-1290',1,1),
	(310,17140737,'tosharific','tosharific',1287012757,'17140737-fPfCceM1suXl6ppYPjw4L2r0fI7YrcKyfx4Eagl0','jXhmKqUcQvwBsYvK9vHY87h3DR2TUF5zhFP6BN3P7k',NULL,0,1),
	(311,17382365,'rokuthirteen','Jonathan Wright',1287016733,'17382365-YFG1dqn9ZIppbEP5OMynUQY8fwjnxyZFG2OZJFxb2','UpS6VkaGlcIKIKTIvifwnFQi2BURfrOs0hU01UPddA',NULL,0,1),
	(312,17386029,'pumilio','Kasey Lawrence',1287016954,'17386029-A4WctTqgjKXvWVMUunQRGk3EHrDoPcVBpUhuoHGAG','CqRGyx5HWznExxiS7hzRXcI7F9wNFu8c8417GjkgmiI',NULL,0,1),
	(313,175119962,'kw51370','Kurt Kirton',1287017289,'175119962-zzuBILZnraPsjmmhvPMgZFEom9WxrTj2imskTB10','IhhJbnm9CcsIgln04z9trQmg4OvBtr3vMrHNAQSyP8',NULL,0,1),
	(314,26028683,'vcharlene','Charlene',1287069994,'26028683-SLhm6Gi0BUJR3k3ERymaj7PKDt2Humu9xUTScEWyo','qZsEN0mjmVI0HOcBAVnBzdcRMPaSJqvIczMOI5j79Mg',NULL,0,1),
	(315,16695801,'anhedoniamoon','Christopher Moon',1287070517,'16695801-xghU1awB5R2UohbhVCJi0EJrjJwQjGoRzcsLxc06h','VsT1xnxs4mZD7GSPchxEwR3axD1YpQOE8zdt8wxNE',NULL,0,1),
	(316,169984486,'mcdanielbrenna','Brenna McDaniel',1287070799,'169984486-GEvYsKaKWPZxOUWbnYbLvAQAaZeGm3qDJY56MEPp','kfE5HxAT5FyfZkzzAGYc9GZp8hxlj7RwdXlNoaNAgNU',NULL,0,1),
	(317,100799312,'iMarCon','Patrick Brunner',1287076123,'100799312-3lb2j8lskzv6ZAwds2U2MlNN0zUjNCbQ0Dc0rLGT','dKuaJfEC4ZaSpPN5m7HbaHUg53wglTYeRx51pgINRQ',NULL,0,1),
	(318,25298931,'WendyMonday','Wendy Monday',1287077801,'25298931-VXzpX2ZEu30yQv0t1CQ3SAfj15iV29IGLXjnwlu3E','w2N2048PLFo24M1vvd4NYJjm6hjKl3p1xq0KmUaTA',NULL,0,1),
	(319,1830861,'matt_mueller','Matt Mueller',1287079164,'1830861-VNzdJ1zkXMzrt4vCKzDThCddMCebAem9ljXJK5Yw','LsGihyzkkOQBgxwQTOCuE0oFIaAexW4MwKQlV60tv4A',NULL,0,1),
	(320,15043589,'editVDO','editVDO',1287086390,'15043589-XTtZ7XT3USvKrY6PrWb6nklKWhrSVqOofAIh5z5o2','qZ2p5q5q1he89djXeSjkwJjuAUi3jMkw4uT93G64',NULL,0,1),
	(321,111656076,'Dollchandler','Dolly Chandler',1287111622,'111656076-PvD5wa74Xw4M9qLmDlCnLAOmyPsbIyit3Nr8MH8O','jX713z7rrBYzosBgKzzbEu1qFNVgAET7dflE80fMiQ',NULL,0,1),
	(322,77019386,'L_evateyourlife','Bryan Thomas',1287121018,'77019386-JQkEY9XQkd6bdRCd7eNR1Pbj3NpgzQiKJvY7Ohrqw','pRhXaHDQWAUrzSFy7v3ceiOG3NPZ06cXrNsbcyy9g0',NULL,0,1),
	(323,14528993,'alassiter','alassiter',1287158919,'14528993-v8LTBKbzrYlHPZMcQXLmg7joCnL9bb8nihGuJpEhn','rKl8WGju8rPsy4HBvtxBoJnZsA3ICVguEzEvToZU',NULL,0,1),
	(324,5612832,'morganlevy','Morgan Levy',1287159379,'5612832-49uS3QdczStTWZNnijfF8IEgqK5AOQnqZUIuzVF5iY','fjf75Ibh7ivW0Z2GJq0At2yvPS6mGXpwiCDTMfexe8o',NULL,0,1),
	(325,28023145,'sbradeen','Susan Bradeen',1287161301,'28023145-1M2ezuoJyiwWOkR5uZRdOrHhlM4oycZ50n70kz9og','88Anvtu23lsitNSZzA97q8eIsDNizKqGBT25Zy250k','615-739-1553',1,1),
	(326,10443092,'editrish','Trisha P.',1287170733,'10443092-GoRkbVSVw2ggpOFCh3fEHccWkkGcqrR0RT8CBYCNR','9jCteFjuE6nBntTFYYTI3xFIbqucbXg636ZCy0BXDVM',NULL,0,1),
	(327,12760302,'dezoneman','dezoneman',1287175747,'12760302-nLwC2edMCZRAW2kt11J8UytGZWswd28eUYR2034ZA','9RJoEraBHFybZqKq9LSQi1mxDTH0VNIrAzDuxwwo','615-512-0887',1,1),
	(328,203266660,'kggally','kristin peglow',1287181194,'203266660-awKHQZEghuQaBpECqM68jR1sUXdrik8R7g0ayibg','lRCpi3WgaWw2hxlvVwlF9LI3bidMetH68ZV34cVc',NULL,0,1),
	(329,20409250,'Jessicarsen','Carsen DJ',1287183191,'20409250-vfjVp26TIHn1RO3goO1UtQGom3s4IOuwS80Pc','j55sgT0bRj2IVcodSMcKUFAKBqHpus0SYXZsQuL8tU',NULL,0,1),
	(330,20908869,'dkazan','Kazan Flooring',1287183300,'20908869-gHVxl3kuPc9oRxUoWjKvWLFRJkRBQ1rSbDgdwcgw7','E3vn1e0WBRCKqBKamgphQ82KamDUh4xPunhx6hik','615-945-4900',1,1),
	(331,55614535,'EarthOutside','EarthOutside',1287190708,'55614535-uyEsafZ76l8WQ4l4ZL337U55k6GKqkVtbyQnBAU6D','8ekfnGwAD7K0aEND6nRcQuVnWudVwBBwOV32R84NTNs','931-561-3182',1,1),
	(332,177679007,'friendspanels','friendspanels',1287191426,'177679007-7TamIEXQyqccUwplUkuC6V4GRE7vcdManjZ5OgNU','lLkb61Tz4Yy3EjDUZoGvS2IrkFbmzqVeXcbRtSmUY',NULL,0,1),
	(333,161780049,'247recruiting','247Sports',1287195263,'161780049-ONKGZwckDz9U0BokanqwelKlndHFSX15176BCLv2','4rZ7XkfpbtRmfsNc2Tr20YVCZgYLJVz1ObtCcKOzgY',NULL,0,1),
	(334,196231965,'nashvilleguru','Tabitha Hawk',1287197240,'196231965-Fkp8D9cay9GizTC4IAfio7QdYfn6dDA4LJRrq9xa','dDtVV4hUStrjuJElGDNYKFdsSbUPnBLbGH17bNIojM','615-332-2844',1,1),
	(335,14992874,'gvillearchitect','Philip Hartman',1287198788,'14992874-sgjTqawpjh0s3bu3LNuM8cDJjDRLa6KV3OiZth729','E42GxU9Iw7rla5JajGJYHNTyPYBNf4Y17euZ1RTXyYE',NULL,0,1),
	(336,203379448,'roommatejosh','Joshua Clark',1287201314,'203379448-QAOrLkHIYVhqUtvSN48YWUTVaeEzCNCvkRwXo2db','xvaQpBa6QPq4Q4ysBKxFYeIeHWWViFfVf9N4gkvo4',NULL,0,1),
	(337,14364723,'Chadillac73','Chad',1287202403,'14364723-Ta4I8G7jhlejWVnYU4kMJWrs7Wj0aUB1cry1dUvWk','a6m8AVG5ZhX3Wz9oXe3U55v4vYBYuVJtjBXBUrfEiM',NULL,0,1),
	(338,14304473,'EmilyLowe','EmilyLowe',1287204017,'14304473-OKqLMgFGb9hehTPYizEYJQJdnSwabJPLHNqxgVHc','hUCeb9b7zQwgc8fcPLRYTwtGbkLxTxeZJjsku7Gx4',NULL,0,1),
	(339,107452508,'sss4success','EASY Brand Marketing',1287210003,'107452508-ww8f6ZJjfzYMCxRyxKXxmJZD4JErtmjwCGt0nzlv','f2NXhUIJIO2dvRCtiSn6DleX6RCsjXhrnsXUuLA9fEY',NULL,0,1),
	(340,60058563,'WisdomGuide','Kathryn Alexander',1287226785,'60058563-cuwnBcerPUks1Z6dIESZrZUnjSsEb8E5g3RSy0DQk','BJ2F8LSjn5WYbNxB2wrxeLsoYa7G6LdWr4y7uEhC4',NULL,0,1),
	(341,21404428,'JCDFitness','JC',1287230034,'21404428-9jx7WQlUrSpOYzJbE0Mjw2pdGB3a31I1mQCHTj0aP','Z581XysQfyTB5OOTURE4jjFWBcIXQJoBfiXanf7484',NULL,0,1),
	(342,13068932,'gresham','Gresham Hill',1287230139,'13068932-LjY0apq0Qoh7UNKswDyPrIxvToaGDlDezV31rGrY','L1AatMHmDosEVI02lz4yj7Kq47NwnqLpG7vsDlTXAY',NULL,0,1),
	(343,6205052,'adam_is_tall','Adam Howard',1287232182,'6205052-KD8ckx6BLiV0ywA7XwmW1CEgrLIDkZAsvjqChmjzJy','VJ1eJgF4U8irKBvVrekwtc6x3wPCnuRihP2VIP7Olk','910--54-0-2066',0,1),
	(344,55716324,'missmelissa803','Melissa Wheatley',1287250143,'55716324-D0spC29QutkuAh2q8BdekPFpGaogW9S8rUbmItOXP','5BiwYBtXNbECLkeGcBfCnHuWsU0RPVKtbbU4aZufjE',NULL,0,1),
	(345,2653931,'chrisross75','Chris Ross',1287255889,'2653931-6RtF6WtZh1tMNkVS3S0LQpZln1FDtblz7pkQY1DEoM','zC811h6JBowspVw0SbkJkezMJKuXTVBBZ5vgzQ8I',NULL,0,1),
	(346,5068241,'Chris1051','Chris A.',1287258102,'5068241-8AxO8yySq7hjAyg5LqRl8LSTydh6QLH5R64Q3dnVo','xPfEemGq3k7nuLr6M2YK8oUlKSsRf5vIMA8NLPO3IY',NULL,0,1);

/*!40000 ALTER TABLE `users` ENABLE KEYS */;
UNLOCK TABLES;



/*!40111 SET SQL_NOTES=@OLD_SQL_NOTES */;
/*!40101 SET SQL_MODE=@OLD_SQL_MODE */;
/*!40014 SET FOREIGN_KEY_CHECKS=@OLD_FOREIGN_KEY_CHECKS */;
/*!40101 SET CHARACTER_SET_CLIENT=@OLD_CHARACTER_SET_CLIENT */;
/*!40101 SET CHARACTER_SET_RESULTS=@OLD_CHARACTER_SET_RESULTS */;
/*!40101 SET COLLATION_CONNECTION=@OLD_COLLATION_CONNECTION */;
